company_name,website,cyberpark_listing_url,source_url,location
Adam Finastra Private Limited.,http://www.adamfinastra.com,https://cyberparks.in/listings/adam-finastra-private-limited/,https://cyberparks.in/companies-at-park/,"Kozhikode, Kerala"
Axel Technologies Pvt Ltd.,http://www.axeltechnologies.com,https://cyberparks.in/listings/axel-technologies-pvt-ltd/,https://cyberparks.in/companies-at-park/,"Kozhikode, Kerala"
CodeAce IT Solutions LLP.,https://www.codeace.com,https://cyberparks.in/listings/codeace-it-solutions-llp/,https://cyberparks.in/companies-at-park/,"Kozhikode, Kerala"
D4 Integrated Security Solutions LLP.,http://www.dfoursec.com,https://cyberparks.in/listings/d4-integrated-security-solutions-llp/,https://cyberparks.in/companies-at-park/,"Kozhikode, Kerala"
Eljo Services Private Limited.,http://www.eljoservices.com,https://cyberparks.in/listings/eljo-services-private-limited/,https://cyberparks.in/companies-at-park/,"Kozhikode, Kerala"
Freston Analytics Private Limited..,http://www.frestonanalytics.com,https://cyberparks.in/listings/freston-analytics-private-limited/,https://cyberparks.in/companies-at-park/,"Kozhikode, Kerala"
Gritstone Technologies LLP.,http://www.gritstonetech.com,https://cyberparks.in/listings/gritstone-technologies-llp/,https://cyberparks.in/companies-at-park/,"Kozhikode, Kerala"
IPIX TECH SERVICES PVT LTD.,https://www.ipixtechnologies.com,https://cyberparks.in/listings/ipix-tech-services-pvt-ltd/,https://cyberparks.in/companies-at-park/,"Kozhikode, Kerala"
Lenok Solutions.,http://www.lenoksolutions.com,https://cyberparks.in/listings/lenok-solutions/,https://cyberparks.in/companies-at-park/,"Kozhikode, Kerala"
Logiology Solutions Pvt. Ltd..,https://logiology.com/,https://cyberparks.in/listings/infopeak/,https://cyberparks.in/companies-at-park/,"Kozhikode, Kerala"
LUZIA LAB LLP.,http://www.iluzialabs.com,https://cyberparks.in/listings/luzia-lab-llp/,https://cyberparks.in/companies-at-park/,"Kozhikode, Kerala"
Medaura Infotech PVT LTD.,https://medaura.io/,https://cyberparks.in/listings/medaura-infotech-pvt-ltd/,https://cyberparks.in/companies-at-park/,"Kozhikode, Kerala"
MOJGENIE IT SOLUTIONS PRIVATE LIMITED.,https://mojgenie.com,https://cyberparks.in/listings/mojgenie-it-solutions-private-limited/,https://cyberparks.in/companies-at-park/,"Kozhikode, Kerala"
Pfactorial Technologies Pvt Ltd.,https://pfactorial.ai/,https://cyberparks.in/listings/pfactorial-technologies-pvt-ltd/,https://cyberparks.in/companies-at-park/,"Kozhikode, Kerala"
Sapling Creations Private Limited.,https://saplingcreations.com/,https://cyberparks.in/listings/sapling-creations-private-limited/,https://cyberparks.in/companies-at-park/,"Kozhikode, Kerala"
Tigabits Technologies LLP.,http://www.tigabits.com,https://cyberparks.in/listings/tigabits-technologies-llp/,https://cyberparks.in/companies-at-park/,"Kozhikode, Kerala"
VIKN CODES.,http://www.vikncodes.com,https://cyberparks.in/listings/vikn-codes/,https://cyberparks.in/companies-at-park/,"Kozhikode, Kerala"
Yarddiant Weblounge Pvt Ltd.,https://www.yarddiant.com,https://cyberparks.in/listings/yarddiant-weblounge-pvt-ltd/,https://cyberparks.in/companies-at-park/,"Kozhikode, Kerala"
ZOONDIA.,https://www.zoondia.com,https://cyberparks.in/listings/zoondia/,https://cyberparks.in/companies-at-park/,"Kozhikode, Kerala"
ABANA Technology Private Limited.,http://www.abanatechnology.com,https://cyberparks.in/listings/abana-technology-private-limited/,https://cyberparks.in/companies-at-park/,"Kozhikode, Kerala"
Acadeno Technologies Private Limited.,http://www.acadeno.com,https://cyberparks.in/listings/acadeno-technologies-private-limited/,https://cyberparks.in/companies-at-park/,"Kozhikode, Kerala"
Analystor Technologies.,http://www.analystortech.com,https://cyberparks.in/listings/analystor-technologies/,https://cyberparks.in/companies-at-park/,"Kozhikode, Kerala"
Artifitia Solutions LLP.,https://www.artifitia.com/,https://cyberparks.in/listings/artifitia-solutions-llp/,https://cyberparks.in/companies-at-park/,"Kozhikode, Kerala"
Aufait Technologies Pvt Ltd.,http://www.aufait.in,https://cyberparks.in/listings/aufait-technologies-pvt-ltd/,https://cyberparks.in/companies-at-park/,"Kozhikode, Kerala"
BPRACT.,https://bpract.com,https://cyberparks.in/listings/bpract/,https://cyberparks.in/companies-at-park/,"Kozhikode, Kerala"
CADMUS ENGINEERING SERVICES PRIVATE LIMITED.,http://www.cadmussteel.com,https://cyberparks.in/listings/rydberg-engineering-pvt-ltd/,https://cyberparks.in/companies-at-park/,"Kozhikode, Kerala"
Coddle Technologies Private Limited.,http://www.coddletech.com,https://cyberparks.in/listings/coddle-technologies-private-limited-2/,https://cyberparks.in/companies-at-park/,"Kozhikode, Kerala"
CODESAP TECHNOLOGIES LLP.,https://codesap.com/,https://cyberparks.in/listings/codesap-technologies-llp/,https://cyberparks.in/companies-at-park/,"Kozhikode, Kerala"
Codilar Technologies Pvt.Ltd.,http://www.codilar.com,https://cyberparks.in/listings/codilar-technologies-pvt-ltd/,https://cyberparks.in/companies-at-park/,"Kozhikode, Kerala"
CRONUS STEEL DETAILING PVT LTD.,http://www.cronussteel.com,https://cyberparks.in/listings/cronus-steel-detailing-pvt-ltd/,https://cyberparks.in/companies-at-park/,"Kozhikode, Kerala"
Dezen Consultants International Pvt Ltd.,http://www.dezen.in,https://cyberparks.in/listings/dezen-consultants-international-pvt-ltd/,https://cyberparks.in/companies-at-park/,"Kozhikode, Kerala"
Doctosmart.,http://www.doctosmart.com,https://cyberparks.in/listings/healthcare-management-software-firm/,https://cyberparks.in/companies-at-park/,"Kozhikode, Kerala"
EDUMPUS PORTAL LLP.,http://www.edumpus.com,https://cyberparks.in/listings/edumpus-portal-llp/,https://cyberparks.in/companies-at-park/,"Kozhikode, Kerala"
ERE BUSINESS SOLUTIONS PV LTD.,http://www.erebsindia.com,https://cyberparks.in/listings/ere-business-solutions-private-limited/,https://cyberparks.in/companies-at-park/,"Kozhikode, Kerala"
eSynergy Technologies Pvt Ltd.,https://www.esynergysoft.com/,https://cyberparks.in/listings/esynergy-technologies-pvt-ltd/,https://cyberparks.in/companies-at-park/,"Kozhikode, Kerala"
Fantacode Private Limited.,http://www.fantacode.com,https://cyberparks.in/listings/fantacode-private-limited/,https://cyberparks.in/companies-at-park/,"Kozhikode, Kerala"
GETLEAD ANALYTICS PVT LTD.,http://www.getlead.co.uk,https://cyberparks.in/listings/getlead-analytics-private-limited/,https://cyberparks.in/companies-at-park/,"Kozhikode, Kerala"
GJ Global IT Ventures.,http://www.gjglobalsoft.com,https://cyberparks.in/listings/gj-global-it-ventures/,https://cyberparks.in/companies-at-park/,"Kozhikode, Kerala"
Globit Business Solutions Private Limited.,https://gbsits.com/,https://cyberparks.in/listings/rims-technologies-private-limited/,https://cyberparks.in/companies-at-park/,"Kozhikode, Kerala"
Infinite Open Source Solutions LLP ™.,http://ioss.co,https://cyberparks.in/listings/ios/,https://cyberparks.in/companies-at-park/,"Kozhikode, Kerala"
IOCOD INFOTECH PVT LTD.,https://iocod.com/,https://cyberparks.in/listings/iocod-infotech-pvt-ltd/,https://cyberparks.in/companies-at-park/,"Kozhikode, Kerala"
ioNob Innovations LLP.,https://ionob.com,https://cyberparks.in/listings/ionob-innovations-llp/,https://cyberparks.in/companies-at-park/,"Kozhikode, Kerala"
John & Smith Solutions Private Limited.,http://johnandsmithglobal.com,https://cyberparks.in/listings/john-smith-solutions-llp/,https://cyberparks.in/companies-at-park/,"Kozhikode, Kerala"
Keype Systems Pvt Ltd.,http://www.keype.com,https://cyberparks.in/listings/keype-systems-pvt-ltd/,https://cyberparks.in/companies-at-park/,"Kozhikode, Kerala"
LeEYE-T Techno Hub LLP.,http://www.leeyet.com,https://cyberparks.in/listings/leeye-t-techno-hub-llp/,https://cyberparks.in/companies-at-park/,"Kozhikode, Kerala"
Lilac Infotech Pvt. Ltd..,https://www.lilacinfotech.com/,https://cyberparks.in/listings/lilac-infotech-pvt-ltd/,https://cyberparks.in/companies-at-park/,"Kozhikode, Kerala"
Limenzy Technologies Pvt Ltd.,http://www.limenzy.com,https://cyberparks.in/listings/limenzy-technologies-pvt-ltd/,https://cyberparks.in/companies-at-park/,"Kozhikode, Kerala"
Lithos Technosoft Pvt Ltd.,https://www.lithostechnosoft.com,https://cyberparks.in/listings/lithos-technosoft-pvt-ltd/,https://cyberparks.in/companies-at-park/,"Kozhikode, Kerala"
Logiqdreams LLP.,http://www.logiqdreams.com,https://cyberparks.in/listings/logiqdreams-llp/,https://cyberparks.in/companies-at-park/,"Kozhikode, Kerala"
Loudchilli.,http://www.loudchilli.com,https://cyberparks.in/listings/hexwhale-interactive-llp/,https://cyberparks.in/companies-at-park/,"Kozhikode, Kerala"
LRG INTERNATIONAL PRIVATE LIMITED.,https://lrg.international,https://cyberparks.in/listings/lulurayyan-international-private-limited/,https://cyberparks.in/companies-at-park/,"Kozhikode, Kerala"
M/S INTERNATIONAL TXG PRIVATE LIMITED.,https://www.txglive.com,https://cyberparks.in/listings/m-s-international-txg-private-limited/,https://cyberparks.in/companies-at-park/,"Kozhikode, Kerala"
M2H Infotech LLP.,http://m2hinfotech.com/,https://cyberparks.in/listings/m2h-infotech-llp/,https://cyberparks.in/companies-at-park/,"Kozhikode, Kerala"
MECHANFO INTELLECT PVT. LTD..,http://www.mechanfo.com,https://cyberparks.in/listings/mechanfo-intellect-pvt-ltd/,https://cyberparks.in/companies-at-park/,"Kozhikode, Kerala"
MENTOR PERFORMANCE.,http://www.mentorperformance.com,https://cyberparks.in/listings/mentor-performance-rating-pvt-ltd/,https://cyberparks.in/companies-at-park/,"Kozhikode, Kerala"
MIDNAY Tech Private Limited.,https://midnay.com,https://cyberparks.in/listings/sprintisle-digital-solutions-private-limited/,https://cyberparks.in/companies-at-park/,"Kozhikode, Kerala"
MKM Info Solutions Pvt. Ltd..,http://www.mkminfosolutions.com,https://cyberparks.in/listings/mkm-info-solutions-pvt-ltd/,https://cyberparks.in/companies-at-park/,"Kozhikode, Kerala"
MYM INFOTECH LLP.,http://myminfotech.com,https://cyberparks.in/listings/mym-infotech-llp/,https://cyberparks.in/companies-at-park/,"Kozhikode, Kerala"
ODOX SOFT HUB LLP.,http://www.odoxsofthub.com,https://cyberparks.in/listings/odox-soft-hub-llp/,https://cyberparks.in/companies-at-park/,"Kozhikode, Kerala"
ONTASH INDA TECHNOLOGIES Pvt Ltd.,http://www.ontash.net,https://cyberparks.in/listings/ontash-inda-technologies-pvt-ltd/,https://cyberparks.in/companies-at-park/,"Kozhikode, Kerala"
Pixbit Solutions Pvt Ltd.,http://pixbitsolutions.com,https://cyberparks.in/listings/pixbit-solutions-pvt-ltd/,https://cyberparks.in/companies-at-park/,"Kozhikode, Kerala"
Platinum Ace Backend Solutions LLP.,http://www.pabsolutions.in,https://cyberparks.in/listings/platinum-ace-backend-solutions-llp/,https://cyberparks.in/companies-at-park/,"Kozhikode, Kerala"
Protected Harbor Technology Pvt Ltd.,http://www.protectedharbor.com,https://cyberparks.in/listings/protected-harbor-private-limited/,https://cyberparks.in/companies-at-park/,"Kozhikode, Kerala"
Soxo.,https://soxo.in/,https://cyberparks.in/listings/soxo/,https://cyberparks.in/companies-at-park/,"Kozhikode, Kerala"
Techlogica IT DT Solutions.,http://www.techlogica.com,https://cyberparks.in/listings/techlogica-it-dt-solutions/,https://cyberparks.in/companies-at-park/,"Kozhikode, Kerala"
Technaureus Info Solutions Pvt. Ltd..,http://www.technaureus.com,https://cyberparks.in/listings/technaureus-info-solutions-pvt-ltd/,https://cyberparks.in/companies-at-park/,"Kozhikode, Kerala"
TIMESWORLD MEDIA & TECHNOLOGY.,http://www.timesworld.com,https://cyberparks.in/listings/timesworld-media-and-technology-solutions-pvt-ltd/,https://cyberparks.in/companies-at-park/,"Kozhikode, Kerala"
TURNIPSEED ACCOUNTING Pvt. Ltd..,http://www.turnipseed.biz,https://cyberparks.in/listings/turnipseed-accounting-private-limited/,https://cyberparks.in/companies-at-park/,"Kozhikode, Kerala"
VEUZ CONCEPTS PVT.LTD.,http://www.veuzconcepts.com,https://cyberparks.in/listings/veuz-concepts-pvt-ltd/,https://cyberparks.in/companies-at-park/,"Kozhikode, Kerala"
Vinam Solutions Pvt Ltd.,http://www.vinam.in,https://cyberparks.in/listings/vinam-solutions-pvt-ltd/,https://cyberparks.in/companies-at-park/,"Kozhikode, Kerala"
Wattlecorp Cybersecurity Labs LLP.,https://www.wattlecorp.com/,https://cyberparks.in/listings/wattlecorp-cybersecurity-labs-llp/,https://cyberparks.in/companies-at-park/,"Kozhikode, Kerala"
Welkinwits technologies llp.,http://www.welkinwitstech.com,https://cyberparks.in/listings/welkinwits-technologies-llp/,https://cyberparks.in/companies-at-park/,"Kozhikode, Kerala"
YouGotaGift Pvt Ltd.,https://yougotagift.com,https://cyberparks.in/listings/yougotagift-ltd/,https://cyberparks.in/companies-at-park/,"Kozhikode, Kerala"
Zennode Technologies LLP.,https://www.zennode.com,https://cyberparks.in/listings/zennode-technologies-llp/,https://cyberparks.in/companies-at-park/,"Kozhikode, Kerala"
Zinfog Codelabs Pvt Ltd.,http://www.zinfog.com,https://cyberparks.in/listings/zinfog-codelabs-pvt-ltd/,https://cyberparks.in/companies-at-park/,"Kozhikode, Kerala"
