Company Name,Phone Number,Email,Website
Allianz Services (P) Ltd,04712335550,allianzservicesindia-careers@allianz.com,http://www.allianz.com
EYME Technologies (P) Ltd,04713980808,Sandeep.AV@gds.ey.com,http://www.ey.com
H&R Block India (P) Ltd,1-800-511-9025,careers-GTCIndia@hrblock.com,http://www.hrblock.com
IBS Software (P) Ltd,00914716614200,receptiondesk@ibsplc.com,https://www.ibsplc.com
Infosys Ltd,04713982222,askus@infosys.com,http://www.infosys.com
Nissan Digital India LLP,04714002800,ContactNDI@nissanmotor.com,http://www.nissandigitalindia.com
Oracle India,04714232400,anjana.jayalekshmi@oracle.com,http://www.oracle.com
Quest Global Engineering Services (P) Ltd,91-471-3095000,info@quest-global.com,http://www.quest-global.com
RM Education Solutions India (P) Ltd,04712335577,response.@in.rm.com,https://www.rm.com
Stackgenie Consulting (P) Ltd,7012567269; 8891422019,info@stackgenie.io,https://stackgenie.io
Tata Consultancy Services Ltd,0471-6629400,info@tcs.com,http://www.tcs.com
Tata Elxsi,04716661000,info@tataelxsi.com,http://www.tataelxsi.com
UST,00914714040000,info@ust.com,https://www.ust.com
1074 Vectors,9846010223,1074vectors@gmail.com,http://www.1074vectors.com
3MBK Technologies (P) Ltd,9072166662; 9809997644,info.technopark@3mbk.com,http://www.3mbk.com
4Labs Technologies (P) Ltd,+91 7012040960,careers@4labsinc.com,https://www.4labsinc.com/
AABASOFT TECHNOLOGIES INDIA (P) Ltd,9249151111,info@aabasoft.com,http://www.aabasoft.com
AADILTECH SOLUTIONS PVT. LTD,918281679657,info@aadiltech.com,https://aadiltech.com
AANEETA KPO (P) Ltd,0091 9495 8359 88,bb@aaneeta.com,http://www.aaneeta.com
AARTISTUDE INNOVATIONS (P) Ltd,8891577633; 0471 461 0471; 8921963270,admin@artistude.com,http://artistude.com
ACCENTURE SOLUTIONS PRIVATE LIMITED,+91 226 225 0289,contact.india@accenture.com,https://www.accenture.com
Accubits Technologies (P) Ltd,8089000630,contact@accubits.com,http://www.accubits.com
ACHARYA PANCHAKARMA AND TRADITIONAL KERALA AYURVEDA PRIVATE LIMITED,+918089665373,jobs@socialwings.in,https://socialwings.in
Acrocede Technologies (P) Ltd,0471-4010043,information@acrocede.com,http://www.acrocede.com
ACSIA Technologies (P) Ltd,0471-2710033,info@acsiatech.com,http://www.acsiatech.com
ADDANT SYSTEMS (P) Ltd,8113902838,info@addant.com,http://www.addant.com
Adisys Research and Development India (P) Ltd,91 80 41287371,hr@adisysindia.com,http://www.adisysindia.com
AdroitMinds Software Labs,0471 4850003,info@adroitminds.com,http://www.adroitminds.com
Advitech Technologies (P) Ltd,918590863236,info@advitech.in,https://advitech.in
AEDGE AICC India (P) Ltd (Armada),0471-2700054,india.people@armada.ai,https://www.armada.ai
AInsurtech (P) Ltd,+91 89211 22575,info@ainsurtek.com,https://www.ainsurtek.com
Akira Software Solutions (P) Ltd,+91 0471 401 9495,sales@akiraplc.com,http://www.akiraplc.com
Alamy Images India (P) Ltd,0471 – 2865200,adminindia@alamy.com,http://www.alamy.com
Alokin Software (P) Ltd,8592092002,hello@alokin.in,http://www.alokin.in
Alp Turnkey Solutions (P) LTD,918547842451,info@alp-ts.com,https://www.alp-ts.com
Altaire Insights Technologies (P) Ltd,91 90723 61149,anuchandran.nair@altaire-insights.com,https://www.altaire-insights.com
ALVERSTONE HEALTHCARE GLOBAL INNOVATION CENTRE,8111872907,mail@alverstone.in,
Alzone Software (P) Ltd,91) 4713501635,careers@alzonesoftware.com,http://www.alzonesoftware.com
Amedisoft Technologies (P) Ltd,972) 423-1700,tvm@amedisoft.com,http://www.amedisoft.com
Amstor Information Technology India (P) Ltd,9048000731,ceo@amstorinfotech.com,http://www.amstorglobal.com
Analystor Technologies Pvt .Ltd,7510511231,info@analystortech.com,https://www.analystortech.com
AOT TECHNOLOGIES (P) Ltd,9744570991,irshad.m@aot-technologies.com,http://www.aot-technologies.com
Appfabs Innovation (P) Ltd,9387127473,teamhr@appfabs.in,https://www.appfabs.ca
APPLEXUS TECHNOLOGIES (P) Ltd,0471-2710900,contact@applexus.com,http://www.applexus.com
Apps Team Technologies Pvt Ltd,+914842982554,careers@appsteamtechnologies.com,https://appsteamtechnologies.com
AppSaas AI Technologies Pvt.Ltd.,9633936898,info@appsaasai.com,https://appsaasai.com
APPX IT CONSULTANCY LLP,9037663151,hello@appxit.in,https://appxit.in
Aptara Learning (P) Ltd,0471-4063370,hr.tvm@aptaracorp.com,http://www.aptaracorp.com
Arch Global Services India,+91 (471) 2110161,archindia@archgroup.com,https://www.archgroup.com
ARCHEMEY DIGITAL PRIVATE LIMITED,9400608867,contact@archemey.com,https://archemey.com
ARGENT Software Inc,04713296185,binup@trivsoft.com,http://www.argent.com
ARNATHAN SOFTECH PRIVATE LIMITED,9645006212,arnathansoftech@gmail.com,https://www.arnathansoftech.in
ARS Traffic & Transport Technology India (P) Ltd,0471-3069100/101,hrtvm@arstraffic.com,http://www.ars-traffic.com
ARTEMAS TECHNOLOGIES (P) Ltd,9995639637,info@artemasdigital.com,http://www.artemasdigital.com
Asianet Satellite Communications Ltd,0471-3071100,psrajeev@asianet.co.in,
ASSURETECH BUSINESS SOLUTIONS (P) Ltd,00914713013440,info@assuretech.in,http://www.assuretech.in
ATEAM INFOSOFT SOLUTIONS PRIVATE LIMITED,9048098867,hr@ateamsoftsolutions.com,https://www.ateamsoftsolutions.com
Aten India Software Solutions (P) Ltd,0471-2700115,sunita@ateninc.com,http://www.ateninc.com
ATServ Technologies India (P) Ltd,7034242234,hari.divakaran@trader.ca,https://go.trader.ca
Atticube Technology Solutions Pvt Ltd,8330088887,hello@atticube.com,http://www.atticube.com
Aurionpro Solutions Ltd,91-22-4040 7070,info@aurionpro.com,https://www.aurionpro.com
Averna Test India (P) Ltd,914714610777,Info@averna.com,http://www.averna.com
AWDAR SOFTWARE SOLUTIONS LLP,91 8907610268,info@awdar-solutions.com,https://ainexit.com
Axen Software (P) Ltd,7594008365,buyfie@axensoft.com,http://www.axensoft.com
Azinova Technologies (P) Ltd,+91 471 3530687,info@azinovatechnologies.com,http://www.azinovatechnologies.com
AZIZ INDUSTIRES CORPORATION,9633305036,ceo@aicorp.co.in,https://www.aicorp.co.in
Beagle Cyber Innovations (P) Ltd,8078009000,info@beaglesecurity.com,https://beaglesecurity.com
Betterbeans Consultants (P) Ltd,9072017799,admin@betterbeans.in,https://betterbeans.in
BEYONGEN ACUMEN (P) Ltd,9995462210,Admin@thebga.io,https://thebga.io
Bilagos Softwares (P) Ltd,9567460713,hr@bilagos.in,http://www.bilagos.com
BimaGenie insurance Broking Pvt. Ltd,9847419555,ciby@bimagenie.com,https://www.bimagenie.com
BIMLABS STUDIO PVT LTD,9288003631,info@bimstudio.net,http://bimstudio.net
Bitryt Solutions (P) Ltd,9048015539,info@bitryt.com,http://www.bitryt.com
BITSNPIXS TECHNOLOGIES (P) Ltd,8086700015,info@bitsnpixs.com,https://www.bitsnpixs.com
Bochdale Solutions Pvt Ltd,+91 7306141016,contact@bochdale.com,https://bochdale.com
BOXOP SOLUTIONS India (P) Ltd,9686822877,boxop@boxop.in,http://www.boxop.in
Brandfell Technologies (P) Ltd,9895056750,contact@brandfell.com,http://www.brandfell.com
Breeze Brain Technologies (P) Ltd,91 9847435995,admin@breezebrain.com,https://www.breezebrain.com
BRIGADE ENTERPRISES LTD,0484-4181666,nishanv@brigadegroup.com,
BST Software (P) Ltd,0471-2447780; 8891072800,info@bstsoftwarelabs.com,http://bstsoftwarelabs.in
BuildNext Construction Solutions (P) Ltd,+91-9061011116,info@buildnext.in,http://www.buildnext.in
ByteWave Digital Consultants (P) Ltd,+91 471 270 0718,connect@bytewavedigital.com,http://www.bytewavedigital.com
Calmove Technologies (P) Ltd,04716560767,contact@calmove.com,http://www.calmove.com
CANKADO India (P) Ltd,9744492018; 8943334437; 8921075561; 9544344957,INFO@CANKADO.IN,http://www.cankado.com
Canza Technology Consultants (P) Ltd,91-8921522627,contact@canzatech.com,https://www.canzatech.com
Carmic Tech Solutions (P) Ltd,9567827146,abhimanue@carmictech.com,http://www.carmictech.com
Carnival Technopark (P) Ltd,0471-2700190,unnikrishnan@carnivalinfopark.com,http://www.groupcarnival.com
Castel Technologies (P) Ltd,0,contact@casteltech.com,http://www.casteltech.com
Catalyca (P) Ltd,98470 63434,hello@catalyca.com,https://catalyca.com
Centelon Consultancy Services (P) Ltd,7012188233,operations@centelon.com,https://www.centelonsolutions.com
Centre for Development of Advanced Computing [CDAC],0471-2781500; 0471-2700704,krct@cdac.in,http://www.cdac.in
CEPTIGEN TECHNOLOGIES (P) Ltd,9995110331,info@ceptigen.com,http://www.ceptigen.com
Ciber Digita Consultants LLP,+91 471 2700232,contact@cdcllp.com,http://www.cdcllp.com
Cinch Business Solutions (P) Ltd,8086880249,info@cinchplc.com,https://www.greencirclelife.com
Cleareye.ai (P) Ltd (Formerly known as AIWare Technology Systems (P) Ltd),04712930330,india@cleareye.ai,http://www.cleareye.ai
Clinipace Clinical Research (P) Ltd,+91 471 6618333/34/36; +91 471 2700094,clinipaceIndia@clinipace.com,https://www.caidya.com
Cloud Nautical Solutions India Pvt Ltd,+91 471 2740760,info@cloudnautical.com,https://www.cloudnautical.com
Cloudplus Information Technologies Pvt Ltd,+91 949 617 9559,contact@cloudplusinfotech.com,http://www.cloudplusinfotech.com
CloudQ IT Services (P) Ltd,+91 80867 77378,india@cloudq.net,http://www.cloudq.net
Cocopalms Tech (P) Ltd,+91 7356072215,hr@cocopalms.io,https://cocopalms.io
CODEOFDUTY INNOVATIONS (P) Ltd,-,info@askerbot.com,https://www.codeofduty.in
Cognosin (P) Ltd,0471-2700270,info@cognosin.com,http://www.cognosin.com
COLLABORATIVE LEARNING LABS (P) Ltd,0471 2700009,info@collabll.com,http://www.collabll.com
Confianz Information Technologies (P) Ltd,9633806669,sales@confianzit.com,https://www.confianzit.com/
Crayo Tech Business Solutions (P) Ltd,9446557628; 9446777072,info@crayotech.com,http://www.crayotech.com/india
Creace Technologies (P) Ltd,04714061051,hr@creace.in,http://www.creace.in
Cubicent Technology Solutions (P) Ltd,9686590050,rajesh.nair@cubicent.com,https://www.cubicent.com
CYBMIRROR INNOVATIONS LLP,95676 67890,info@cybmirror.com,http://www.cybmirror.com
DATARAYS SOLUTIONS (P) Ltd,7994232777,info@datarays.in,https://www.datarays.in
DCUBE Ai Systems & Services (P) Ltd,+91 99956 82412,info@dcubeai.com,http://www.dcubeai.com
De'Antz Technological Solutions (P) Ltd,7994443313,deantz2018@gmail.com,http://www.deantz.com
DeviceDriven (India) Pvt. Ltd,04712527727,info@devicedriven.com,http://www.devicedriven.com
Dezynex Technology Solutions (P) Ltd,04714052760; 00919778550921; 8301079907,info@dezynex.com,https://www.dezynex.com
DIAGNAL TECHNOLOGIES (P) Ltd,+91 9633951117,hr-india@diagnal.com,https://www.diagnal.com
Diginest Solutions (P) Ltd,9633970445,info@diginestsolutions.com,https://www.diginestsolutions.com
DOCKING STATION TECHNOLOGIES (P) Ltd,9895034545,info@dockingstation.co.in,http://www.dockingstation.co.in
Doubtbox Edutainment (P) Ltd,0471 4858586,hr@doubtbox.com,http://www.doubtbox.com
DSI Technologies (P) Ltd,4712700059,dsitech@dsitechnologies.co.in,http://www.dsitechnologies.co.in
E2P WORLD TECHNICAL SERVICES LLP,+919778412341,e2pindia@e2pworld.com,https://e2pworld.com
Eartheye Space Private Limited,+61434696232,divya@eartheye.space,https://eartheye.space
ECOWHITE ARCHITECTURAL ENGINEERING & TECHNOLOGY SERVICES (P) Ltd,0471 2527527,sramesh@ecowhite.co.in,http://www.ecowhite.co.in
ECS BUSINESS SOLUTIONS (P) Ltd,0471-2317317; 0471-2317318,administration@ecsfin.com,https://www.ecsfin.com
EDGAADI (P) Ltd,0471 3562660,adisankar@edgaadi.com,https://www.edgaadi.com
EDIFY DATASCIENCE (P) Ltd,9400217603,bdethan@edifydata.com,https://edifydata.com
Edwiza Solutions (P) Ltd,9746446325,info@edwiza.com,http://www.edwiza.com
Effileap Technologies (P) Ltd,7354773577,admin@effileap.com,https://effileap.com
Electronics Technology Parks Kerala (Technopark),0471 2700222,response@technopark.in,
Elementz Engineers Guild (P) Ltd,0471-2700001,hr@elementzonline.com,http://www.elementzonline.com
ELEMENTZ IT SOLUTIONS (P) Ltd,773 663 4646; 989 512 1917; 628 200 4774,biz@elementzit.com,https://www.elementzit.com
ELIXR LABS TECHNOLOGIES PRIVATE LIMITED,7907289551,contact@theelixrlabs.com,https://www.theelixrlabs.com
Elk Store,9447334858,career@myelkstore.com,http://www.myelkstore.com
Elsys Intelligent Devices (P) Ltd,914712700015,hr@elsyslabs.com,http://www.elsyslabs.com
Embedded Research & Innovation Software Labs (P) Ltd,9961224815,info@erislabs.com,http://www.erislabs.com
Embright Infotech (P) Ltd,7306701712,mail@embrightinfotech.com,http://www.embrightinfotech.com
Enfin Technologies India (P) Ltd,0471 4062604,info@enfintechnologies.com,http://www.enfintechnologies.com
Entiresoft Technologies (P) Ltd,9446523981,info@entiresofts.com,http://www.entiresofts.com
Entregar Solutions Pvt limited,04742707370,info@entregarsolutions.com,http://www.entregarsolutions.com
ENTRYKEY BUSINESS SOLUTION LLP,+918891788331,info@entrykey.in,https://entrykey.in
ENTUITE TECHNOLOGIES (P) Ltd,0471 4053076; +91 9744520001,contact@entuite.com,https://entuite.com
Envestnet Asset Management India (P) Ltd,04714181111,director@trv.envestnet.com,http://www.envestnet.com
Epi Fractals Biosystems (P) Ltd (EFBS),6238250970 / 7982566765,ceo@epifractals.com,https://www.epifractals.com
Equifax Analytics Pvt Limited,9876543210,ecissupport@equifax.com,https://www.equifax.com
ESC UTILITY SERVICES (P) Ltd,8086228000,support@esc-ind.com,https://esc-ind.com
Estrrado Technology Solutions (P) Ltd,8547865569,hr@estrrado.com,http://www.estrrado.com
Eurosia BIM Services (P) Ltd,9745858116,hr-india@eurosia.eu,http://www.eurosia.eu
EVALOGICAL (P) Ltd,7012268566,info@evalogical.com,http://www.evalogical.com
Exalans & Hunar Corporate Solutions (P) LTD,8590935949,support@exalansandhunar.com,https://www.exalansandhunar.com
Expereal Technologies (P) Ltd,8281533599,vineesh.surendran@expereal.org,https://expereal.org
Experion Technologies (I) (P) Ltd,0471 3047317,info@experionglobal.com,http://www.experionglobal.com
Expevo Digital Services LLP,+91) 9847970621,hello@expevo.com,https://www.expevo.com
EXPONENTIAL DIGITAL SOLUTIONS (P) Ltd,+914712544210,INFO@10XDS.COM,http://www.10xds.com
Expressare Technologies (P) Ltd,8848517005,info@expressare.com,https://expressare.com
F12 Technologies (P) Ltd,+91) 6282372221,info@f12technologies.com,http://www.f12technologies.com
Faith InfoTech India (P) Ltd,+91-471-4077077,training@faithinfotech.in,https://www.faithinfotechacademy.com
Fakeeh Technologies (P) Ltd,0471- 4050211,careers@fakeeh.tech,https://www.fakeeh.tech
FAYA INNOVATIONS,+91 75105 10101,hr.india@fayausa.com,http://www.fayausa.com
Feathersoft Info Solutions (P) Ltd,7736028400,careers@feathersoft.com,https://www.feathersoft.com
Ferns IT Solutions (P) Ltd,8714762350,admin@ferns-it.com,https://ferns-it.com
FieldNXT Service Solutions (P) Ltd,8281830101,career@fieldnxt.com,http://www.fieldnxt.com
Finastra (D+H Solutions India (P) Ltd),00914712772600,Trivandrum.Administration@finastra.com,http://www.finastra.com
FISCHER SYSTEMS India (P) Ltd,914712527427,Fischer.India@fischeridentity.com,http://www.fisc.com
Flex and Oncology Clinical Research (P) Ltd,0471 7198609,ccr_peopleoperations.india@worldwide.com,http://www.worldwide.com
Flytxt Mobile Solutions (P) Ltd,04712700101,info@flytxt.com,https://flytxt.ai
FoundingMinds Software (P) Ltd,04714012200,info@foundingminds.com,http://www.foundingminds.com
Foxdale (P) Ltd,9446810901,support@foxdale.in,http://www.foxdale.in
FRESH MIND IDEAS (P) Ltd,9633349236,inbox@freshmindideas.com,http://www.freshmindideas.com
Future Cyber Tech (P) Ltd,8137851199,account@futurecybertek.com,https://futurecybertek.com
FutureBlox Technologies (P) Ltd,+91 471 2996767,info@futureblox.com,https://www.futureblox.com
FxMediaLab,9895295777,contact@fxmedialab.com,http://www.fxmedialab.com
Fynamics Business Solutions (P) Ltd,8848377012,info@finline.in,http://www.finline.in
G D INNOVATIVE SOLUTIONS (P) Ltd,04712700007,info@gdinnovativesolutions.com,http://www.gdinnovativesolutions.com
GAIN INFOSYSTEMS (P) Ltd,9633906623,visakh@gaininfosystems.com,https://www.gaininfosystems.com
GAUDE BUSINESS SOLUTIONS (P) Ltd,91 7736443967; 91 9061492795,ceo@gaudesolutions.com,http://www.gaudesolutions.com
GEMINI SOFTWARE SOLUTIONS (P) Ltd,+91 471 4609555,gemini@geminisoftware.com,http://www.GeminiSoftware.com
Genpact India Private Limited,9319543311,Facility.Trivendrum@genpact.com,http://www.genpact.com
GENROBOTIC INNOVATIONS (P) Ltd,+91 9778699424; +91 9074558553,career@genrobotics.org,http://www.genrobotics.org
GENXIOT LLP,9447318527,info@genxiot.com,https://www.genxiot.com
Gescis Technologies (P) Ltd,8592969292,jastun@gescis.com,https://gescis.com
Globcom Solutions (P) Ltd,0471-2710960,info@globcomsolution.com,http://www.globcomsolution.com
GNX Digital Solutions (P) Ltd,9895873426,connect@gnxsolutions.in,https://gnxsolutions.in
Good Methods Software Solutions (P) Ltd,0471-4000669,info@carestack.com,http://www.carestack.com
Grid Engineering Services,919633888544,hr@grdeng.com,https://gridengineeringservices.com
Group of Technology Companies (GTECH),9846606078,secretariat@gtechindia.org,http://www.gtechindia.org
Grozeo International (P) Ltd,6399639925,hi@grozeo.com,https://www.grozeo.com
Gruppozenit India (P) Ltd,+91 9037842130,info.india@gruppozenit.com,http://www.gruppozenit.com
Guidehouse India (P) Ltd,0471-2700680,mahendra.rawat@guidehouse.com,http://www.guidehouse.com/regions/india
GxP Technologies India (P) Ltd,9876543210,contact@gxp-technologies-india.com,https://www.gxp-technologies-india.com
HASpaces IT & Hospitality (P) Ltd,0091-7034477445,info@haspaces.com,https://www.haspaces.com
Hawk Sparks Design Studio LLP,9895404071,info@hawksparks.in,https://www.hawksparks.in
HCL Technologies Ltd,+91 120 4306000,investors@hcltech.com,https://www.hcltech.com
HealthProof (India) Private Limited,9633302613,prasanth.subramanian@usthealthproof.com,https://usthealthproof.com
HelmExa Technologies Private Limited,9946099920,rajeshpanicker@helmexa.com,https://helmexa.com
Hepsoft Technologies (P) Ltd,0471-4012808,business@hepsoft.com,http://www.hepsoft.com
HEX20LABS India (P) Ltd,9847016820,anurag.reghu@hex20.space,https://www.hex20.space
Hiworth Solutions (P) Ltd,00914712700532,info@hiworthsolutions.com,http://www.hiworthsolutions.com
HODO MEDICAL INFORMATIC SOLUTIONS (P) Ltd,9895168610,hodo@hodo.in,https://hodo.in
HONEYKODE TECHNOLOGIES (P) Ltd,7593890920,info@honeykode.com,http://www.honeykode.com
Hornbill Labs (P) Ltd,7012872128,connect@hornbilllabs.com,https://www.hornbilllabs.com
HOSTDIME DATA CENTRE SERVICES (P) Ltd,04714060553,info@hostdime.in,http://hostdime.in
HybCloud Technologies (P) Ltd (Cloud Control),91) 9946356641,info@ecloudcontrol.com,http://www.ecloudcontrol.com
HYZ VENTURES INTL (P) Ltd,85472 39039; 98959 39039,info@hyzventures.com,http://www.hyzventures.com
i-worxs By Palnar,04712527102,hrindia@palnar.com,https://iworxs.de/de
IBIL Solutions (P) Ltd,9995805172,info@ibilglobal.com,https://www.ibilglobal.com
iBoson Innovations (P) Ltd,04714012111,info@ibosoninnov.com,http://www.iboson.io
iCloud9 Digital (P) Ltd,04714011091,business@icloud9digital.com,http://www.icloud9digital.com
ICON Clinical Research India (P) Ltd,+91 471 412 8300,infotvm@iconplc.com,https://www.iconplc.com
iCore Pioneer Business Solution (P) Ltd,9995133777,info@icorepioneer.com,https://icorepioneer.com
ICT Academy of Kerala,00914712700 811; 00914712700813,info@ictkerala.org,http://www.ictkerala.org
iDynamics Ltd,4714093900,nagarajan@idynamics.com,http://www.idynamics.com
IGNOSI ENTERPRISES,9447094230; 9400292295,info@ignosi.in,http://www.ignosi.in
IIC Web Solutions (P) Ltd,0471 4060489,touch@iicwebsolutions.com,http://www.iicwebsolutions.com
iLogy,9895375279,ideas@ilogy.com,https://www.ilogy.com
Immiworks India Private Limited,0091 98956 97774,info@immiworks.com,http://www.immiworks.com
InApp Information Technologies India (P) Ltd,0471-2771700/1800,hr@inapp.com,http://www.inapp.com
Incredible Visibility Solutions Private Limited,9567779726,hello@incrediblevisibility.com,http://www.incrediblevisibility.com
Indian Institute of Information Technology and Management - Kerala (IIITM-K),04712700777,info@iiitmk.ac.in,http://www.iiitmk.ac.in
INDUSTRON NANOTECHNOLOGY (P) Ltd,0471 2786500,shafee@industronnano.com,http://www.industronnano.com
Infoblox Technical Support and Software Development (P) Ltd,0471-6601666,indiaoffice@infoblox.com,http://www.infoblox.com
InfoForte (P) Ltd,6282343833,Info@inforte.com,https://infoforte.com
Infospica Consultancy Services,+91 7736064473,info@infospica.com,https://www.infospica.com
Infynith Technomission (P) Ltd,91-9895401040,info@infynith.com,http://www.infynith.com
Innoneur IT Ventures (P) Ltd,8129466999,hi@innoneur.com,http://www.innoneur.com
InnoVal Digital Solutions (P) Ltd (IVL),+914714074000,info@ivldsp.com,http://www.ivldsp.com
Innovation Incubator Advisory (P) Ltd,8138942343,po@iinerds.com,https://innovationincubator.com
Innovatise Technology (P) Ltd,9846130222,rajesh@innovatise.com,http://www.innovatise.com
Innure Infotech (P) Ltd,0471-4060015,info@innure.com,http://www.innure.com
INOMETRICS TECHNOLOGY SYSTEMS (P) Ltd,04714012120,chindukrishna@inometrics.com,http://www.inometrics.com
INOVACE DIGITAL MEDIA LLP,0471 - 3501565,hr@inovace.in,http://www.inovace.in
Inspirisys Solutions Ltd,0471 7169888,infoisl@inspirisys.com,http://www.inspirisys.com
Integrated Order Automated Solutions (P) Ltd,9495050506,info@ioas.in,http://www.ioas.in
Intella Ecom IT Solution (P) Ltd,+91 7511198200,contact@intellaecomits.com,http://www.intellaecomits.com
Interland Technology Services (P) Ltd,+91471 2710424,INFO@INTERLANDTECH.COM,http://www.interlandtech.com
International Virtual Assistance (P) Ltd,9567021546; 8089070851,info@ivasystems.com,http://www.ivasystmes.com
Intriad Innovations (P) Ltd,91 98466 12222,operations@intriadinnovations.com,http://www.intriadinnovations.com
IQMATRIX INFOWAYS SOLUTIONS (P) Ltd,+91 8714655119; +91 8590983527,sasilekha.rajeev@iqmatrix-solutions.com,http://www.iqmatrix-solutions.com
iTraitz IT Solutions (P) Ltd,04713297385,tthankachan@itraitz.com,http://www.itraitz.com
ITWAGON (P) Ltd,0471-2700144,pravin@itwagon.com,https://www.itwagon.com
Ivory Technologies Pvt Ltd,+91 9074 505 313,info@ivorytechnologies.com,https://www.ivorytechnologies.com
JOOPIUM TECHNOLOGIES (P) Ltd,9497266677,INFO@JOOPIUMTECHNOLOGIES.COM,https://joopiumtechnologies.com
Kaisemi Control Systems (P) Ltd,7907161618,contact@kaisemicontrolsystems.com,https://kaisemicontrolsystems.com
Kameda Infologics (P) Ltd,914713048170,contact@kamedainfologics.com,http://www.kamedainfologics.com
Kawika Technologies (P) Ltd,8129890890,info@kawikatechnologies.com,http://www.kawikatechnologies.com
Kefi Tech Solutions (P) Ltd,8089050600,info@kefitech.com,http://www.kefitech.com
KENLAND IT SOLUTIONS (P) Ltd,9400902111,admin@kenland.in,https://www.kenland.in
Kennedys Kognitive Computing (P) Ltd,0471 2700960,contactus@kognitivecomputing.com,http://www.kognitivecomputing.com
Kerala Start-up Mission,04712700270,response@startupmission.in,http://www.startupmission.kerala.gov.in
Kerala State Data Center,04712700272,binu.jacob@sifycorp.com,http://www.itmission.kerala.gov.in
"Kerala University of Digital Sciences, Innovation and Technology",0471-2788000,info@duk.ac.in,https://duk.ac.in
KeyValue Software Systems (P) Ltd,4842988880,admin@keyvalue.systems,https://www.keyvalue.systems
Klystron Technologies,8281081024,hr.in@klystronglobal.com,https://www.klystronglobal.com
KNITT TECHNOLOGIES (P) Ltd,9846553328,info@knittglobal.com,https://www.knittglobal.com
KRISHNANS EDUTECH LLP,8075142719,support@onlinepsccoaching.com,
Kvaliteta Systems and Solutions (P) Ltd,0471-2710076,info@kvaliteta.in,http://www.kvaliteta.in
LabGex Innovations (P) Ltd,+91)97457 46250,inbox@labgex.com,https://www.labgex.com
LabGlo Technologies LLP,8089234010 / 7736380040,hr@labglo.com,https://labglo.com
LAJU SOFTECH (P) Ltd,9995253223,lajusoftech@gmail.com,http://www.lajusoftech.com
LambdaZen India (P) Ltd,9447801372,sreesankar@lambdazen.com,http://www.lzindia.co.in
LAW QUBE TECHNOLOGIES (P) Ltd,9971999541,info@lawqube.com,http://www.lawqube.com
LEADER IT (P) Ltd,9895353667,p.sabir@leadergroup.com,http://www.leaderit.in/
Lean Transitions Solutions,9497884451,info@LTSLean.com,http://www.LeanTransitionSolutions.com
Lektik Consulting,8590316206,accounts@lektik.com,http://www.lektik.com
LETS BUILD (OPC) (P) Ltd,+91 8086880866,hello@letsbuild.co,https://letsbuild.co
Life and Opportunity Solutions LLP,+91 97783 28126,info@lifeandopportunity.com,https://www.lifeandopportunity.com
Litmus7 Systems Consulting (P) Ltd,9048652717,info@litmus7.com,https://www.litmus7.com
Livares Technologies,0471 2710004,contact@livares.com,http://www.livares.com
LIVEPRO ACESOFT PVT LTD,+15198081000,info@acesoft.ca,https://www.acesoft.ca
Logidots Technologies (P) Ltd,+91 8714477312; +91 9048514599,contact@logidots.com,http://www.logidots.com
Lumenze Digital (P) LTD,9446202183,admin@lumenze.com,https://lumenze.com
Lumicel Technologies LLP,+914712710101,info@lumicel.net,http://www.lumicelstudios.com
M Squared Software & Services (P) Ltd,04714084000,m2info@m2comsys.com,http://www.m2india.com
M2i,0471-4084000/216,info@m2infotek.com,http://www.m2infotek.com
Macrosoft IT Solutions India (P) Ltd,0471-2700166,info@innovatixinc.com,http://www.macrosoftindia.com
Magnicode Solutions (P) Ltd,0471 4060979,sreelal@magnificentcode.com,http://www.magnificentcode.com
Magnory (P) Ltd,6282318847,info@magnory.com,https://www.magnory.com
Magpii Innovations Private Limited,7356783924,info@magpiitech.com,http://www.magpiitech.com
Marvelloux Apps (P) Ltd,+914714601101; +917034401101,hello@marvelloux.com,http://www.marvelloux.com
MAV-S Innovations,9895142666,info@mav-s.com,http://www.mav-s.com
McFadyen Consulting Software India (P) Ltd,9847299066,mcfindia@mcfadyen.com,http://www.mcfadyen.com
Mediscribes Infotech India LLP,9745041158,aneesh.p@mediscribes.com,http://www.mediscribes.com
Medowa Global (P) Ltd,7356399005,office@medowaglobal.com,http://www.medowaglobal.com
Mergious IT Solution (P) Ltd,9496324352,career@mergious.com,http://www.mergious.com
Mettle Networks (P) Ltd,1-800-425,info@mettlenetworks.com,http://www.mettlenetworks.com
Mibiz Cyber Forensics Laboratory,0471 2726777 / 9387822966 / 9656205500,info@mibizsys.com,http://www.mibizsys.com
MINERVA SPECIAL PURPOSE VEHICLE (P) Ltd,9446000380,srinivas@mspv.in,https://www.mspv.in
Mobatia Technology (P) Ltd,04712527456,info@mobatia.com,http://www.mobatia.com
Moonhive (P) Ltd,9995287694,social@moonhive.in,https://moonhive.in
Movytech Innovations (P) Ltd,9446164096,hello@movytech.co,https://movytech.co
MULEARN FOUNDATION,8943647000,info@mulearn.org,https://mulearn.org
Muthoot Mercantile LTD-IT Wing,9037816761 / 9037816760,hr@muthootenterprises.com,http://www.muthootenterprises.com
MUTHOOT PAPPACHAN TECHNOLOGIES LTD,+91 471 4307337,pretty.babu@muthoot.com,https://www.mptglobal.com
MYSTIQUE INFOTECH PRIVATE LIMITED,+914652 225924,farook@mystiquex.com,http://www.mystiquex.com
MyTsys Software Solutions (P) Ltd,+91-9633901592,info@mytsys.com,http://www.mytsys.com
Naga Info Solutions (P) Ltd,0471-2369166,mail@nagainfo.com,http://www.nagainfo.com
NASSCOM,0471-4605888,kerala@nasscom.in,https://nasscom.in
Navigant BPM India (P) Ltd,04712710023,admintvm@navigantbpm.com,http://www.navigant.com
NeedStreet Web Technologies (P) Ltd,04712527727,info@needstreet.com,http://www.continuouscare.io
Neonicz Software Solutions (P) Ltd,8089979974/8089979975,info@neonicz.com,http://www.neonicz.com
Nerve Digital P Ltd.,9895762631,homin@nervedigital.net,https://www.nervedigital.net
Nest Digital Pvt Ltd,0471-2785805,reni.jacob@nestgroup.net,http://www.sfotechnologies.net
NetPro Media Advertising (P) Ltd,0471-4000232,hr@netpromediaindia.com,http://www.netpromediaindia.com
Netwalk Technologies India (P) Ltd,0471 405 1751,info@netwalk.co.in,https://netwalk.de
Neuralcraft,9446354402,michael@neuralcraft.co,https://neuralcraft.co
Neuroplex (P) Ltd,9995951581,mail@neuroplex.in,http://www.neuroplex.in
NexoMira Technologies (P) Ltd,0091 99471 71269,info@nexomira.com,https://nexomira.com
NGXP Technologies LLP,9941630848,info@ngxptechnologies.com,https://ngxptechnologies.com
NilaSoft (P) Ltd,9895367635,management@nila-soft.com,https://nila-soft.com
NIRAST Solutions (P) Ltd,9847716272 / 9847746272,hr@nirasystems.com,http://www.nirasystems.com
NKORR Technologies (P) Ltd,0471 2930105,info@nkorrtech.com,http://www.nkorrtech.com
NOON TECHNOLOGIES (P) Ltd,+914716577707,business@noontechnologies.com,http://www.noontechnologies.com
Noratel India Power Components (P) Ltd,04714028275,info@noratel.in,http://www.noratel.com
NUMENOR ENTERPRISES PRIVATE LIMITED,8089768667,info@numenor.ltd,http://www.numenor.ltd
Nxtgenix Solutions (P) Ltd,+91 81297 82095,hello@nxtgenix.com,https://www.nxtgenix.design
NXTLIVE TECHNOLOGIES (P) Ltd,04712700822,hrdirector@nxtlive.com,http://www.nxtlive.com
OBERON GLOBAL SOLUTIONS (P) Ltd,04714614884,admin@oberonglobalsolutions.com,https://www.oberonglobalsolutions.com
ONBYZ,9061940444,info@onbyz.com,https://www.onbyz.com
OneTikk Consaltants (P) Ltd,9446062493,info@onetikk.org,https://www.onetikk.org
OptioLogic Technologies (P) Ltd,91 471 4019975,enquiry@optiologic.com,http://www.optiologic.com
Orcapod Consulting Services Pvt.Ltd,9920815079,deepu.divakaran@ummsc.com,https://universalmarinemedical.com
OrderStack (TNGONE SOFTWARE LABS (P) Ltd),0471 4066081,contact@orderstack.io,http://www.orderstack.io
Orient CDS Private Limited,6282880486,empower@orientcds.com,https://www.orientcds.com
Orisysindia Consultancy Services (P) Ltd,8086800203,contact@orisys.in,http://www.orisys.in
Oronium Innovations Pvt.Ltd,62388 00372,hey@oronium.com,https://oronium.com
Ospyn Technologies Ltd,0471 6677000,info@ospyn.com,http://www.ospyn.com
Pacific BPO (P) Ltd,9847746085,sreelekshmi.sl@pacificbpo.com,https://www.pacificbpo.com
Paperchase Accountancy India Pvt Ltd,8075205358,sruthi@paperchase.ac,https://www.paperchase.ac
PARANOIA SYSTEMS INTERNATIONAL (P) Ltd,0471- 4058850; 9188700772,info@paranoiasystems.com,http://www.paranoiagroup.com
Phaseamp Labs Pvt Ltd,9184999999,phaseamplabs@outlook.com,http://www.phaseamplabs.com
Phykon Solutions (P) Ltd,0471-4124100,board@phykon.com,http://www.phykon.com
PI-DIGI logical Solutions (P) Ltd,04716060025,info@pi-digi.com,http://www.pi-digi.com
PICK2HEAL LAB LLP,9539958905,contact@pick2heal.com,http://www.pick2heal.com
Picky Assist (P) Ltd,8281778126,reji@pickyassist.com,https://www.pickyassist.com
PIT Solutions (P) Ltd,04712700615,enquiries@pitsolutions.com,http://www.pitsolutions.com
Plannet Technest South India (P) Ltd,8921685260,j.bhuptani@house-of-communication.com,https://www.house-of-communication.com/de/en/brands/plan-net.html
Polus Solutions (P) Ltd,04714017778,contact@polussolutions.com,https://www.polussolutions.com
PPLIO Technologies Private Limited,9446966114,office@pplio.com,https://www.pplio.com
Prayan Animation Studio (P) Ltd,+919526573922,info@prayananimation.com,http://www.prayananimation.com
Prayan Infotech (P) Ltd,0471 4067605; +919526573955,info@prayaninfotech.com,http://www.prayaninfotech.in
Press Ganey Associates India (P) Ltd,04713513148,hr-pgindia@pressganey.com,https://www.pressganey.com
Prochant India (P) Ltd,0471-3538605,pi0224442@prochant.com,https://www.prochant.com
PromptTech Global (P) Ltd,+91-8891302779,anuroop@prompttechsolutions.com,https://prompttechsolutions.com
Prophaze Technologies (P) Ltd,+91 9606114061,security@prophaze.com,https://prophaze.com
Propmix.Io India (P) Ltd,9656867776,sakeer@propmix.io,https://propmix.io
Protium Logic IT Services (P) Ltd,8592826669,business@protiumlogic.com,http://www.protiumlogic.com
Q-DevEngine (P) Ltd,+91 9961683131,info@q-devengine.com,http://www.q-devengine.com
QAWebPrints Infocorp,8714156068,info@qawebprints.com,http://www.qawebprints.com
QBurst Technologies (P) Ltd,-,roseline@qburst.com,http://www.qburst.com
QMSmart Technologies (P) Ltd,9567190555,sajitha.s@qsmart.net,http://qmsmart.net
Quadance Technologies Pvt. Ltd.,7356555751,info@quadance.com,http://www.quadance.com
Quantiphi Analytics Solutions Private Limited,8089784465,anoop.s@quantiphi.com,https://quantiphi.com
Quasarix (P) Ltd,9995482557,info@quasarix.in,https://www.quasarix.in
QUSOL INNOVATIONS India (P) Ltd,+91 7306543331 / 0471 3502082,hr@qusol.in,https://qusolindia.com
QWY Software (P) Ltd,7736746669,careers@qwysoft.com,
QWY Technologies (P) Ltd,+91 95133 97879,hrd@qwytech.com,https://qwqer.in
Realeffecx Technolabs LLP,9744482828,info@realeffecx.com,http://www.realeffecx.com
REDEFINE (Division of DNEG India Media Services Ltd),0471 2700119,info@redefine.co,https://redefine.co
REFINED IT SOLUTIONS AND MARKETING (P) Ltd,0471-4000654,contact@refined.co.in,http://www.refined.co.in
Reflections Info Systems (P) Ltd,+91 471 2700138,info@reflectionsinfos.com,http://www.reflectionsglobal.com
REIZEND (P) Ltd,8137862054,info@reizendretail.in,http://www.reizendretail.in
REIZEND IT CONSULTANTS,04712414455,info@reizend.in,http://www.reizend.in
RELAXPLZZ TECHNOLOGIES,8056108192,relaxplzz@gmail.com,https://relaxplzz.com
Resbee Info Technologies (P) Ltd,9500267946,ekhool@resbee.org,https://ekhool.com
Resfeber Infosolutions (P) Ltd,9446062493,kavitha@travelspoc.com,http://www.travelspoc.com
Resonance Engineering (P) Ltd,9249400600,admin@resonanceengineering.com,http://www.resonanceengineering.com
Revyrie Global,0471 2700300,hello@revyrieglobal.com,http://www.revyrieglobal.com
Rewards MysearchGlobal (P) Ltd,+91 9895478037,info@mysearchglobal.com,http://www.mysearchglobalrewards.com
Richinnovations Technologies (P) Ltd,8281505609,sales@richinnovationsplc.com,https://www.richinnovationsplc.com
Riverswave Technologies (P) Ltd,+919495404680,info@riverswavetech.com,http://www.riverswavetechnologies.com
Rootlet Technologies Pvt Ltd,04742970266,info@rootlettechnologies.com,http://www.rootlettechnologies.com
RR Donnelley India Outsource (P) Ltd,0471-6602015,careers.trivandrum@rrd.com,http://www.rrdonnelley.com
RSGP Consulting (P) Ltd,0471-2710504,hr@rivervalleytechnologies.in,https://rsgpconsult.com
Saasvaap Techies (P) Ltd,0471 2700009,admin@saasvaap.com,
SADA Systems India Pvt Ltd,4716679999,connect.india@sada.com,https://sada.com
SAHF Software Technology (P) Ltd,9980024946,info@sahfsys.net,https://sahfsys.net/
Savtoa Software Technologies,8891482555,info@savtoa.in,https://savtoa.com
SCALEVEL TECHNOLOGIES,8592818553,info@scalevel.in,https://scalevel.in
SCALGO TECHNOLOGIES (P) Ltd,-,business@scalgo.net,https://www.scalgo.net
Scarborough Immigration Services (P) Ltd,9895598755,info@scarborough.co.in,https://www.scarboroughindia.com
Scientific Vision (P) Ltd,0471 4063442,varghese@scientificvision.net,http://www.svsoftware.org
SE-Mentor Solutions (P) Ltd,+91 (0) 471 2700165; +91 (0)9249 586 683,info@se-mentor.com,http://www.se-mentor.com
SEAVIEW SUPPORT SYSTEMS (P) Ltd,4712527528; 4712527470; 4712700670; 4712700870,info@svw.com,http://www.svw.com
Sentorus Business Solutions (P) Ltd,8891677889,admin@sentorus.io,https://www.sentorus.io
SEPTA MILLES (P) Ltd (LIFOLOGY),7293334455,info@lifology.com,http://www.lifology.com
SEQATO Software Solutions (P) Ltd,+91 62389 98370,hr@seqato.com,http://www.seqato.com
Sequantix (P) Ltd,8588079787,admin@sequantix.com,https://www.sequantix.com
SequoiaAT India (P) Ltd,9072220331,admin@sequoiaat.com,http://www.sequoiaat.com
ShellSquare Softwares (P) Ltd,+91 9746474050,info@shellsquare.com,http://www.shellsquare.com
SHERLINS GLOBAL TECHNOLOGIES (P) Ltd,0471 2999950,hr@sherlins.com,https://sherlins.com
SIGTECH WIRELESS TECHNOLOGIES (P) Ltd,04712700143,info@sigtechwireless.com,http://www.sigtechwireless.com
Simplogics Solutions (P) Ltd,9633898310,hr@simplogics.com,http://www.simplogics.com
Six Dee Telecom Solutions (P) Ltd,9946879255,hr@6dtech.co.in,https://www.6dtechnologies.com
SJS Business Solution (P) Ltd,9025742493,hr@sodisys.io,https://www.sodisys.de
Skysmile Technologies (P) Ltd,91 9746418891,admin@skysmiletechnologies.com,https://www.skysmiletechnologies.com
Skywalk Global India (P) Ltd,7306636869,contact@skywalkglobal.net,https://www.skywalkglobal.net
SMARTHMS & SOLUTIONS (P) Ltd,8590604974,info@shmsolutions.in,https://shmsolutions.in
Socius Innovative Global Brains (P) Ltd,9349962221,info@sociusigb.in,https://www.sociusus.com
Softnotions Technologies (P) Ltd,+91 9497535975,contact@softnotions.com,https://softnotions.com
SOLUTINO TECHNOLOGIES (P) Ltd,04712700737,manaf@solutinotechnologies.com,http://www.solutinotechnologies.com
Somnoware Healthcare Systems (P) Ltd,0471 2710014,hr_india@somnoware.com,http://www.somnoware.com
Sparkling Design and Infotech (P) Ltd,04712527677,info@sparklingapps.com,http://www.sparklingapps.com
Spericorn Technology (P) Ltd,04714013112,info@spericorn.com,http://www.spericorn.com
Speridian Technologies (P) Ltd,0471- 2772800,vivek.nair@speridian.com,http://www.speridian.com
SREE ANAND TRAVEL & TECHNOLOGIES (P) Ltd,04714097700,hr@anandtravel.com,http://www.anandtravel.com
Srishti Innovative Computer Systems (P) Ltd,0471 4068780,support@srishtis.com,http://www.srishtis.com
Srishti Innovative Educational Services (P) Ltd,9846011044,info@srishtis.com,https://www.srishtis.com
SRS Global Technologies (P) Ltd,+91 9562036767,operations@srsglobaltechnologies.com,https://srsglobaltechnologies.com
SRV IT Hub (P) Ltd,9446593454,info@srvinfotech.in,
Stabilix Solutions (P) Ltd,04712527336,info@stabilix.com,http://www.stabilix.com
Stackmod Innovations (P) Ltd,9074962855,hello@stackmod.io,https://www.stackmod.io
Standout IT Solutions (P) Ltd,91-471-3042305,operations@sitstech.com,http://www.sitstech.com
Storygame (P) Ltd,7293063429,support@storygame.io,https://storygame.io
SUBDINE SOLUTIONS (P) Ltd,8289864373,contact@subdine.com,http://www.subdine.com
SubHosting Innovations (P) Ltd,91 471 2710040,contact@subhosting.net,http://www.subhosting.net
SUSOPT SOLUTIONS (P) Ltd,+91 7012704350,info@susopt.com,http://www.susopt.com
Sweans Technologies (P) Ltd,04712700345,Info@sweans.com,http://www.sweans.com
Syntrio Technologies (P) Ltd,0471 2700135,info@syntrio.in,http://www.Syntrio.in
Tangentia Travancore (P) Ltd,9580334334,trivandrum@tangentia.com,https://www.tangentia.com/
Techband Technologies (P) Ltd,+91 4712932240,info@corpozone.com,http://www.corpozone.com
TECHNOCIL (P) Ltd,9072282200,info@technocil.com,http://www.technocil.com
Technograph Digital Solutions Private Limited,0484 2 970196,shibudass@hotmail.com,http://www.suwaidillc.com
Techstas Global Innovations (P) Ltd,7511105995,info@techstas.com,https://www.techstas.com
Techversant Infotech (P) Ltd,04714014953,info@techversantinfotech.com,http://www.techversantinfotech.com
TECHZERA INFOLOGICS (P) Ltd,916 916 9290,techzerainfologics@gmail.com,https://www.techzera.in
TECMATES INFOCOM PRIVATE LIMITED,9846789946,info@tecmatesinfo.com,http://www.tecmatesinfo.com
TELCOTECH SOLUTIONS HUB (P) Ltd,9447246468,info@telcotechsolutionshub.com,https://www.telcotechsolutionshub.com
Terveys Technology Solutions (P) Ltd,+91 471 3521156; +917907040634,info@terveystech.com,https://www.terveystech.com
Testhouse India (P) Ltd,914712700117,contact@testhouse.net,http://www.testhouse.net
Thinkneural.AI Private Ltd,9567437991,info@tneuralai.com,https://thinkneural.ai
THINKPALM TECHNOLOGIES (P) Ltd,0471 4104100/102/132,hr@thinkpalm.com,http://www.thinkpalm.com
ThoughtLine Technologies (P) Ltd,0471 2710233; 93493 55550,thoughts@thoughtlinetech.com,http://www.thoughtlinetech.com
TIGRID TECHNOLOGIES (P) Ltd,+91 7907726557,hello@tigrid.in,https://www.tigrid.in
TILTLABS CONSULTANCY SERVICES (P) Ltd,9037737788,nikhil@tiltlabs.io,http://www.tiltlabs.io
Timenet Solutions (P) Ltd.,9447722022,info@timenetindia.com,http://www.timenetindia.com
Timesworld Media and Technology Solutions (P) Ltd,+914952431830,hello@timesworld.com,https://www.timesworld.com
TKey Education Solutions (P) Ltd [Arbor],+91 471 4614957; +91 86063 89644,connell@viegas.in; george.chacko@arbor-education.com,https://arbor-education.com
Toonz Animation India (P) Ltd,0471 4342500,info@toonzmediagroup.com,http://www.toonz.co
TOSIL Systems (P) Ltd,7012432017,tosil@tosil-systems.com,http://www.tosil-systems.com
TRAINONEX SOLUTIONS (P) Ltd,7356264420,trainonexsolutions@gmail.com,
Travancore Analytics (P) Ltd,0471-4061133,hr@travancoreanalytics.com,http://www.travancoreanalytics.com
Travanleo Info Solutions India (P) Ltd,0471-2700400,info@travanleo.com,http://www.travanleo.com
Treez India (Zeert POS Software Development (P) Ltd),8589028901,sree.sankar@treez.io,https://www.treez.io
TRENSER Technology Solutions (P) Ltd,+91-471 270 0844,trenser@trenser.com,http://www.trenser.com
Triassic Solutions (P) Ltd,04712700050,hr@triassicsolutions.com,http://www.triassicsolutions.com
Tricta Technologies (P) Ltd,9447318527,info@tricta.com,https://www.tricta.com
TRIVAND TECHNOLOGIES (P) Ltd,04712700596,info@trivand.com,http://www.trivand.com
Trizent Technologies (P) Ltd,9744000209,vinod@trizentinc.com,https://www.trizentinc.com/
Trois Infotech (P) Ltd,0471 485 4433,info@trois.in,http://www.trois.in
Troodon Technology,8139007717,info@troodontechnology.com,http://www.troodontechnology.com
Tryzens India (P) Ltd,04714062343,aniyan.rajendra@tryzens.com,https://tryzens.com
Twinsway Technologies (P) Ltd,8078010868,hr@twinsway.in,http://www.twinsway.com
UpBuff Technologies Private Limited,833 000 6006,contact@upbuff.com,https://upbuff.com
Upcommune Business Network (P) Ltd,471 4850333,mail@upcommune.net,https://www.upcommune.net
UPSKILL INNOVATIVE SOLUTIONS (P) Ltd,9895666110,hr.india@olivegroup.io,http://www.olivegroup.io
UVJ Technologies Pvt Ltd,9895283776; 8129100900,info@uvjtech.com,https://www.uvjtech.com
Valoriz Digital (P) Ltd,04712700666,info@valoriz.com,http://www.valoriz.com
Vanilla Networks (P) Ltd,04714060308,technopark@vanillanetworks.com,http://www.vanillanetworks.co.in
VENTURA SYSTEMS PRIVATE LIMITED,00918943254391,md@venturasystems.co,http://www.venturasystems.co
VERNANT INFEZINGS (P) LTD,9846007764,indu@vernant.org,https://www.vernant.org
VIMEG SQUARE TECHNOLOGIES (P) Ltd,04712700522,info@vimegsquare.com,http://www.vimegsquare.com
VINVISH TECHNOLOGIES (P) Ltd,04714061938,info@vinvish.com,http://www.vinvish.com
Virtuosoft Technologies (P) Ltd,9526201115,abraham.thomas@virtuosoft.in,https://virtuosoftinc.com
Vismaya InfoTech Solutions (P) Ltd,0471-4052201; 0471-4052202,sales@vismayacorp.com,https://vismayacorp.com
Visteon Technical & Service Center (P) Ltd,0471-4607848,mbinoy@visteon.com,https://www.visteon.com
Vrize India (P) Ltd,9845000831,babuji@vrize.com,https://www.vrize.com
Waib3 Technologies (OPC) Pvt. Ltd,9895902205,mail@waib3tech.com,https://www.waib3tech.com
Way Dot Com (P) Ltd,+91 6282483338,hrd@way.com; careers@way.com,http://www.way.com
Waybeo Technology Solutions (P) Ltd,04714016020,mail@waybeo.com,http://www.waybeo.com
Weboffice Infotech India (P) Ltd,0471 4000280,info@webofficeit.com,http://www.webofficeit.com
WEBSORBZ PRIVATE LIMITED,+91 8078 999 966,info@websorbz.com,https://websorbz.com
WIKTA IT SERVICES (P) Ltd,0471 2593121; 9447031959; 9447028012,wikta@wiktait.com,https://wiktait.com
WORKPLAZE INNOVATIONS,9995278650,hello@workplaze.com,https://workplaze.com
Workshaala spaces,7677227755,shabeer.zubair@workshaala.com,https://workshaala.com
Xilligence,04712527501,info@xilligence.com,http://www.xilligence.com
Xminds Infotech (P) Ltd,0471 2477556; +91 8089071861; +91 8089071890,sales@xminds.com,http://www.xminds.com
Xpetize Technology Solutions (P) Ltd,0471 2700600,rajesh@xpetize.com,http://www.xpetize.com
Xtra G CLUB PRIVATE LIMITED,9048435555,office@xtragclub.com,http://www.xtragclub.com
Xtreme Online Solutions (P) Ltd,0471-4010719,hr@xtremeonline.in,https://www.xtremeonline.in/
Yarab Technologies (P) Ltd,9207876391,info@yarabltd.co.uk,http://www.yrtechnologies.co.in
YNOOX INDIA PRIVATE LIMITED,+918606745520,info@ynoox.in,https://ynoox.ch
YSC Engineering Services (P) Ltd,+91 8086700114,hr@yscindia.com; mail@yscindia.com,http://www.yscindia.com
ZAFIN SOFTWARE CENTRE OF EXCELLENCE (P)Ltd,0091 484 660 2800,,http://www.zafin.com
Zen fashions India Private Limited,9606065585,Info@zenfashionsindia.com,https://www.zenfashions.com
ZenturioTech Pvt Ltd,8129993666,contact@zenturiotech.com,https://zenturiotech.com
ZeroEarth,7907635263,ani.v@zeroearth.company,https://www.zeroearth.company
ZestyBeanz Technologies (P) Ltd,0471 4063254,contact@zbeanztech.com,http://www.zbeanztech.com
ZL Software Systems (P) Ltd,0471 4054318,info@zlinkcorp.com,https://www.zlinkcorp.com
ZONERGIA SERVICES PVT LTD,9446060728,info@zonergia.com,https://www.zonergia.com
Zoondia Software (P) Ltd,04714017676,info@zoondia.in,http://www.zoondia.com
Zybo Tech Lab (P) Ltd,85901 44306; 751 093 0923,,
Zyxware Technologies (P) Ltd,04714063818,info@zyxware.com,http://www.zyxware.com
