id,company_name,location,ksum_url,website,sector,industry,technology,business_model,founders,previous_relevance,previous_reason,final_classification,final_reason
9,4CHAMPZ INNOVATIVE PRIVATE LIMITED,"Kollam, Kerala",https://startups.startupmission.in/startups/8L515,https://4champz.com/,Other,Other,Mobile Apps | AI / ML,B2B | B2C | Platform,ASHIK K | KOMALAN V,Medium,Technology: Mobile Apps | AI / ML,HIGH,Mobile Apps + AI / ML + Platform
11,70mm Media Village LLP,"Ernakulam, Kerala",https://startups.startupmission.in/startups/Z2znV,https://70mm.xyz/,Media and Entertainment,AdTech,Mobile Apps,B2B,Ajith Kunhunni | Elayi Shibina,Medium,Industry: AdTech; Technology: Mobile Apps,MEDIUM,AdTech + Mobile Apps; software core not fully established
28,Aasayaa Media Soultions,"Thiruvananthapuram, Kerala",https://startups.startupmission.in/startups/ZOmmb,https://aasayaa.com/,Media and Entertainment,AdTech,Web technologies,B2B,,Medium,Industry: AdTech; Technology: Web technologies,MEDIUM,AdTech + Web technologies; software core not fully established
41,ABROADANGELS CONSULTANCY PRIVATE LIMITED,"Kannur, Kerala",https://startups.startupmission.in/startups/0BwEw,https://abroadangels.com/,Other,Other,Web technologies,B2B | B2G | D2C,NAMBIAMADATHIL VARGHESE THOMAS | JIBIN THOMAS | JINS THOMAS,Medium,Technology: Web technologies,EXCLUDE,Web technologies alone; sector and industry are Other
42,ABROBS PRIVATE LIMITED,"Ernakulam, Kerala",https://startups.startupmission.in/startups/ZrkNe,https://abrobs.com/,Other,Other,AI / ML | Web technologies,B2B | SaaS,alwin mathew | mini jacob m,Medium,Technology: AI / ML | Web technologies; Business model: B2B | SaaS,HIGH,AI / ML + Web technologies + B2B SaaS
50,ACCESSIBILITY HUB PRIVATE LIMITED,"Thiruvananthapuram, Kerala",https://startups.startupmission.in/startups/8KmBG,https://accessibilityhub.in/,Other,Other,Manufacturing | Sustainable Construction | AI / ML,B2G | B2B | B2C,Vinayachandran B S | Jayakumar D,Medium,Technology: Manufacturing | Sustainable Construction | AI / ML,MEDIUM,"AI / ML present, but Manufacturing and Sustainable Construction are also listed"
52,ACCGUY FINANCIAL SERVICES PRIVATE LIMITED,"Kottayam, Kerala",https://startups.startupmission.in/startups/poQYx,https://www.accguy.com/,"Banking, Financial Services and Insurance",Financial Services,Web technologies,D2C | B2B | Platform,REX GEORGE | GEORGE MATHEW,Medium,Technology: Web technologies,MEDIUM,Financial Services + Web technologies + Platform; software core unclear
80,ADDAY CREATIVE LLP,"Ernakulam, Kerala",https://startups.startupmission.in/startups/0w3eo,https://www.adday.in,Media and Entertainment,AdTech,Web technologies,B2B | B2G,Abilash A K | Anoop K,Medium,Industry: AdTech; Technology: Web technologies,MEDIUM,AdTech + Web technologies; software core not fully established
91,ADHYAYA EDUCATIONAL SOLUTIONS PRIVATE LIMITED,"Alappuzha, Kerala",https://startups.startupmission.in/startups/8q6DE,https://share.google/HG0E3C7JK6A8D8ENk,Education,EdTech,Geographic Information Systems,B2B | B2C | Platform,ABIN S,Medium,Industry: EdTech,MEDIUM,EdTech + Platform + Geographic Information Systems; developer relevance is possible but unclear
98,ADOWINGS PRIVATE LIMITED,"Thiruvananthapuram, Kerala",https://startups.startupmission.in/startups/Z9QWQ,https://www.adowings.com/,Media and Entertainment,AdTech,Web technologies,B2B,DEVANAM PRIYA GOPALAKRISHNAN N | DHANYA KRISHNAN KUTTY KUTTY,Medium,Industry: AdTech; Technology: Web technologies,MEDIUM,AdTech + Web technologies; software core not fully established
99,ADPUMB PRIVATE LIMITED,"Malappuram, Kerala",https://startups.startupmission.in/startups/pbgVY,https://adpumb.com/,Media and Entertainment,AdTech,Web technologies,B2B,,Medium,Industry: AdTech; Technology: Web technologies,MEDIUM,AdTech + Web technologies; software core not fully established
100,ADSFLO WORLDWIDE PRIVATE LIMITED,"Ernakulam, Kerala",https://startups.startupmission.in/startups/Z3eax,https://www.adsfloworldwide.com/,Media and Entertainment,AdTech,Web technologies,B2B,KOLANGADA SREEDEVI JAYARAM NAD | MUNDACHALI SREEDEV,Medium,Industry: AdTech; Technology: Web technologies,MEDIUM,AdTech + Web technologies; software core not fully established
107,ADWAYGA PRIVATE LIMITED,"Thrissur, Kerala",https://startups.startupmission.in/startups/Z1VJW,https://www.adwayga.com/,Electronics and Communication,Telecom,Web technologies | Internet of Things (IoT),B2C | B2B,Lisha C D | Abhilash M P | Maya M.S.,Medium,Technology: Web technologies | Internet of Things (IoT),MEDIUM,Telecom + Web technologies + Internet of Things (IoT)
122,AESA SPORTS AND ENTERTAINMENTS PRIVATE LIMITED,"Ernakulam, Kerala",https://startups.startupmission.in/startups/8qrrv,https://www.aesasports.in,Education | Healthcare,EdTech | Fitness & Wellness,Mobile Apps | Web technologies,B2B | B2C,Ashor Joseph M A | Rishu Rajesh,Medium,Industry: EdTech | Fitness & Wellness; Technology: Mobile Apps | Web technologies,MEDIUM,EdTech/Fitness + Mobile Apps + Web technologies; software core unclear
128,AEYEGLANCE PRIVATE LIMITED,"Thiruvananthapuram, Kerala",https://startups.startupmission.in/startups/0wK1e,,Energy,Oil & Gas,AI / ML,SaaS | Freemium,Maya B S | Malu B S,Medium,Technology: AI / ML; Business model: SaaS | Freemium,HIGH,AI / ML + SaaS + Freemium
134,AGC ENFORCEMENT SERVICES PRIVATE LIMITED,"Kozhikode, Kerala",https://startups.startupmission.in/startups/Z9Q36,http://www.globalagc.com/,Other,Other,Mobile Apps | Cyber Security | Internet of Things (IoT),B2B | D2C,AJEESH NADUVILOTTIL | SARASWATHI,Medium,Technology: Mobile Apps | Cyber Security | Internet of Things (IoT),HIGH,Cyber Security + Mobile Apps + Internet of Things (IoT)
145,AGRI ASSIST INNOVATIONS LLP,"Thiruvananthapuram, Kerala",https://startups.startupmission.in/startups/8xjGm,https://www.agriassistinnovations.com,Agriculture and Life Sciences,Agri Tech,Geographic Information Systems | Mobile Apps | Internet of Things (IoT),B2C | Platform | SaaS,GIRISH KUMAR KRISHNAN GANGADHA | RAGINI RAJAMMA,Medium,Technology: Geographic Information Systems | Mobile Apps | Internet of Things (IoT); Business model: B2C | Platform | SaaS,HIGH,Agri Tech + Mobile Apps + Internet of Things (IoT) + SaaS Platform
168,AIBAK VENTURES PRIVATE LIMITED,"Malappuram, Kerala",https://startups.startupmission.in/startups/0JNEN,https://www.aibakventures.com/,Media and Entertainment | Retail,Events | Real Estate Tech / Prop Tech,Mobile Apps | Web technologies | AI / ML,B2B | B2C | SaaS,MOHAMMED RAFEEQUE ATHIKKADAN | MUHAMMED SWALIH PARUTHIKKUNNAN,Medium,Technology: Mobile Apps | Web technologies | AI / ML; Business model: B2B | B2C | SaaS,HIGH,Real Estate Tech / Prop Tech + Mobile Apps + Web technologies + AI / ML + SaaS
182,AION CREATIVE WINGS LLP,"Kollam, Kerala",https://startups.startupmission.in/startups/pkP58,https://www.aioncw.com,Media and Entertainment,Social Media,Web technologies,Freemium,,Medium,Industry: Social Media; Technology: Web technologies,MEDIUM,Social Media + Web technologies + Freemium; software core unclear
204,AKATSA LLP,"Kannur, Kerala",https://startups.startupmission.in/startups/Zdl4Y,https://www.akatsa.in,Retail,Real Estate Tech / Prop Tech,Mobile Apps,Platform | D2C | Marketplace,Athul K | AKSHAY SADAN V P,Medium,Technology: Mobile Apps,MEDIUM,Real Estate Tech / Prop Tech + Mobile Apps + Platform; software core unclear
205,AKINOZ DIGITAL MEDIA LLP,"Kozhikode, Kerala",https://startups.startupmission.in/startups/8Xw1z,https://akinoz.com/,Media and Entertainment,AdTech,Mobile Apps,B2B | B2C,SOURAV SREEKUMAR | AISWARYA MT,Medium,Industry: AdTech; Technology: Mobile Apps,MEDIUM,AdTech + Mobile Apps; software core not fully established
227,ALGORYTHAM TECHNOLOGIES PRIVATE LIMITED,"Ernakulam, Kerala",https://startups.startupmission.in/startups/8X7P1,https://algorytham.com/,Other,Other,AI / ML | Web technologies | Mobile Apps,Platform | SaaS | B2B,AADARSH RADHAKRISHNAN | SHAMILA ASHRAF | Anagha Thekke Edoli,Medium,Technology: AI / ML | Web technologies | Mobile Apps; Business model: Platform | SaaS | B2B,HIGH,AI / ML + Web technologies + Mobile Apps + SaaS Platform
233,ALJALEEDI TRADING LLP,"Thrissur, Kerala",https://startups.startupmission.in/startups/8XwGY,https://www.aljaleedi.com,Agriculture and Life Sciences,Agri Tech,Blockchain | AI / ML | Internet of Things (IoT),B2B | B2C | Platform,SAHITHA HUMAYUN KABEER | HUMAYUN KABEER,Medium,Technology: Blockchain | AI / ML | Internet of Things (IoT),MEDIUM,Agri Tech + Blockchain + AI / ML + Internet of Things (IoT); software core unclear
240,ALLSCOPE INDIA PRIVATE LIMITED,"Ernakulam, Kerala",https://startups.startupmission.in/startups/8qrVn,,Mobility,Mobility,Internet of Things (IoT) | Mobile Apps | Web technologies,B2B | Platform | SaaS,KUNNATH VENUGOPAL WELSHAD | ARYA KALAPURAYIL JAYAPRAKASH,Medium,Technology: Internet of Things (IoT) | Mobile Apps | Web technologies; Business model: B2B | Platform | SaaS,HIGH,Internet of Things (IoT) + Mobile Apps + Web technologies + B2B SaaS Platform
253,ALPHANEX TECHNOLOGIES LLP,"Malappuram, Kerala",https://startups.startupmission.in/startups/0GJy5,https://alphanextechnologies.com/,Other,Other,Web technologies | Big data,B2B | B2C,MOHAMED RAFEEQUE | JUBAIR KAVILA VALAPPIL,Medium,Technology: Web technologies | Big data,MEDIUM,Web technologies + Big data; sector and industry are Other
259,ALTIBIX CODELAB PRIVATE LIMITED,"Kollam, Kerala",https://startups.startupmission.in/startups/0Jrr6,https://www.altibix.com,Media and Entertainment,AdTech,Mobile Apps | Web technologies,Marketplace | B2B | B2C,Abhay Sundar S | Hyfa N,Medium,Industry: AdTech; Technology: Mobile Apps | Web technologies,MEDIUM,AdTech + Mobile Apps + Web technologies; software core not fully established
261,ALTIX PUBLISHER PRIVATE LIMITED,"Thiruvananthapuram, Kerala",https://startups.startupmission.in/startups/pbnV3,https://www.altixmarketing.com,Other,Other,Web technologies,B2B | B2C,janani | NATARAJ,Medium,Technology: Web technologies,EXCLUDE,Web technologies alone; sector and industry are Other
272,AMLIRE PRIVATE LIMITED,"Ernakulam, Kerala",https://startups.startupmission.in/startups/Zdlm4,https://amlire.com/,Media and Entertainment,AdTech,Web technologies | Internet of Things (IoT),B2B,AMAL C SHAJI,Medium,Industry: AdTech; Technology: Web technologies | Internet of Things (IoT),MEDIUM,AdTech + Web technologies + Internet of Things (IoT); software core unclear
293,ANK LIFECARE PRIVATE LIMITED,"Ernakulam, Kerala",https://startups.startupmission.in/startups/8VKLZ,https://lifecareenterprises.in/index.php,Healthcare,Assistive Tech,Manufacturing,B2C,,Medium,Industry: Assistive Tech,EXCLUDE,Assistive Tech + Manufacturing; software signal is absent
306,AONZ AI TECHNOSYS SOLUTIONS PRIVATE LIMITED,"Ernakulam, Kerala",https://startups.startupmission.in/startups/8LqM5,https://aonz.in/,Other,Other,AI / ML,B2B | SaaS,MUHAMMED ANEES VADAKKEDATH,Medium,Technology: AI / ML; Business model: B2B | SaaS,HIGH,AI / ML + B2B SaaS
315,APP INTEGRITY PRIVATE LIMITED,"Thiruvananthapuram, Kerala",https://startups.startupmission.in/startups/8n6Pa,https://appintegrity.io,Other,Other,AI / ML | Mobile Apps,B2B | SaaS,PRAJITH PRABHAKAR | ANUP RAJAN | SIVAPRAKASAM KUMAR SANJAY | Midhun Kumar,Medium,Technology: AI / ML | Mobile Apps; Business model: B2B | SaaS,HIGH,AI / ML + Mobile Apps + B2B SaaS
322,APPSTRAY PRIVATE LIMITED,"Thiruvananthapuram, Kerala",https://startups.startupmission.in/startups/0PAAW,https://www.appstray.com,Media and Entertainment,AdTech,Web technologies,B2B | B2C,,Medium,Industry: AdTech; Technology: Web technologies,MEDIUM,AdTech + Web technologies; software core not fully established
344,ARCHISOFT IT SOLUTIONS PRIVATE LIMITED,"Malappuram, Kerala",https://startups.startupmission.in/startups/8VGNq,https://www.archisoft.in/,Other,Other,Web technologies | AI / ML | Mobile Apps,SaaS | Marketplace | B2B,SARATH KUMAR T R | ASHIDHA PALLATH JOSHY | Arjun J chaliyath,Medium,Technology: Web technologies | AI / ML | Mobile Apps; Business model: SaaS | Marketplace | B2B,HIGH,Web technologies + AI / ML + Mobile Apps + SaaS
357,ARKS Enterprises,"Palakkad, Kerala",https://startups.startupmission.in/startups/Z1mzx,https://www.arksenterprises.in,Other,Other,Web technologies,D2C,,Medium,Technology: Web technologies,EXCLUDE,Web technologies alone with D2C business model
366,ARTIFEX STUDIOS PRIVATE LIMITED,"Alappuzha, Kerala",https://startups.startupmission.in/startups/0POPN,https://artifexstudios.in/,Media and Entertainment,AdTech,Mobile Apps,B2B,SREEHARI HARIKUMAR | ABHIJITH AJITH | AJI SAM,Medium,Industry: AdTech; Technology: Mobile Apps,MEDIUM,AdTech + Mobile Apps; software core not fully established
371,ARUNRAJKARTHA PRODUCTIONS PRIVATE LIMITED,"Ernakulam, Kerala",https://startups.startupmission.in/startups/ZaOnp,https://www.arkproductions.in/,Media and Entertainment,AdTech,Web technologies,B2B,Rajmohan Kartha K G | Rajmohan Kartha Arunraj,Medium,Industry: AdTech; Technology: Web technologies,MEDIUM,AdTech + Web technologies; software core not fully established
392,ASIOS ALLIANCE PRIVATE LIMITED,"Kozhikode, Kerala",https://startups.startupmission.in/startups/poQd3,https://asiosalliance.com/,Other,Other,Web technologies,B2B | B2C,SHAHUL S,Medium,Technology: Web technologies,EXCLUDE,Web technologies alone; sector and industry are Other
403,Asta Infotech,"Idukki, Kerala",https://startups.startupmission.in/startups/0Jkgp,https://info@astainfotech.in,Other,Other,Web technologies,B2C,,Medium,Technology: Web technologies,EXCLUDE,Web technologies alone; sector and industry are Other
410,AT BOTS,"Kottayam, Kerala",https://startups.startupmission.in/startups/Z9Be6,https://atbots.net/,Other,Other,AI / ML | Drones | Robotics,B2B | SaaS | B2G,Abi Talib,Medium,Technology: AI / ML | Drones | Robotics; Business model: B2B | SaaS | B2G,HIGH,AI / ML + Drones + Robotics + B2B SaaS
412,Atbott Solutions,"Ernakulam, Kerala",https://startups.startupmission.in/startups/ZrP55,https://www.atbott.co,Media and Entertainment,AdTech,Web technologies,B2B,,Medium,Industry: AdTech; Technology: Web technologies,MEDIUM,AdTech + Web technologies; software core not fully established
415,ATHELSTAN TECHNOLABS PRIVATE LIMITED,"Ernakulam, Kerala",https://startups.startupmission.in/startups/Z1mgK,https://athelstantechnolabs.com,Media and Entertainment,AdTech,Web technologies,B2B,George Kurian Mathew,Medium,Industry: AdTech; Technology: Web technologies,MEDIUM,AdTech + Web technologies; software core not fully established
429,AUDENTO DIGITAL PRIVATE LIMITED,"Ernakulam, Kerala",https://startups.startupmission.in/startups/pzyQ0,https://www.audentodigital.com,Media and Entertainment,AdTech,Web technologies,B2B,,Medium,Industry: AdTech; Technology: Web technologies,MEDIUM,AdTech + Web technologies; software core not fully established
432,Augmenta Innovations Private Limited,"Ernakulam, Kerala",https://startups.startupmission.in/startups/0BVyB,https://www.bookappstore.com,Education,EdTech,Augmented Reality (AR) | Virtual Reality (VR),B2B | B2C,,Medium,Industry: EdTech; Technology: Augmented Reality (AR) | Virtual Reality (VR),MEDIUM,EdTech + Augmented Reality (AR) + Virtual Reality (VR); software core unclear
436,AURAFINA TECHNOLOGIES PRIVATE LIMITED,"Ernakulam, Kerala",https://startups.startupmission.in/startups/0wRzZ,https://www.vidzers.com/,Media and Entertainment,Social Media,Mobile Apps | Web technologies,B2B,Rajesh Sukumaran | Ajith K George,Medium,Industry: Social Media; Technology: Mobile Apps | Web technologies,MEDIUM,Social Media + Mobile Apps + Web technologies; software core unclear
438,AURIX BUSINESS CORP PRIVATE LIMITED,"Thrissur, Kerala",https://startups.startupmission.in/startups/8q6x3,https://www.aurixbusinesscorp.com/,Other,Other,Web technologies,B2C | B2B,ALINA THERESE JOSE | EDWIN PAUL | NIXON ANTU,Medium,Technology: Web technologies,EXCLUDE,Web technologies alone; sector and industry are Other
448,AUTOMITHRA INDIA PRIVATE LIMITED,"Palakkad, Kerala",https://startups.startupmission.in/startups/8noxZ,https://www.nationads.in/,Media and Entertainment,AdTech,Web technologies,B2B,,Medium,Industry: AdTech; Technology: Web technologies,MEDIUM,AdTech + Web technologies; software core not fully established
454,AVARTA IT AND DESIGN SOLUTIONS PRIVATE LIMITED,"Pathanamthitta, Kerala",https://startups.startupmission.in/startups/0JNvY,https://avarta.in,Other,Other,AI / ML | Biotechnology | Drones,B2B | Platform,Radhika Prasad | Krishna Chandran,Medium,Technology: AI / ML | Biotechnology | Drones,MEDIUM,AI / ML + Biotechnology + Drones + Platform; software core unclear
456,AVB PRECIPRO (OPC) PRIVATE LIMITED,"Kozhikode, Kerala",https://startups.startupmission.in/startups/8VG5E,https://www.avbglobal.com,Other,Other,3D Printing | AI / ML,B2B,CHEPPAIKODE VISHNU ANUP KUMAR,Medium,Technology: 3D Printing | AI / ML,EXCLUDE,3D Printing + AI / ML; software core is not established
474,AYALSKILL PRIVATE LIMITED,"Thrissur, Kerala",https://startups.startupmission.in/startups/plk7B,https://ayalskill.com,Other,Other,Web technologies,B2B | B2C | Marketplace,METHIL VENUGOPALAN | MUTHIRAMPARAMBIL SARALA DEVI B,Medium,Technology: Web technologies,MEDIUM,Web technologies + Marketplace; sector and industry are Other
499,BANZAN VENTURES PRIVATE LIMITED,"Ernakulam, Kerala",https://startups.startupmission.in/startups/05Ko8,https://www.banzan.co/,Media and Entertainment,Gaming,Mobile Apps | Web technologies,B2C | B2B | Platform | SaaS,Mukesh Dev,Medium,Technology: Mobile Apps | Web technologies; Business model: B2C | B2B | Platform | SaaS,HIGH,Gaming + Mobile Apps + Web technologies + SaaS Platform
513,BE LITTLE THINGS LLP,"Thiruvananthapuram, Kerala",https://startups.startupmission.in/startups/ZN5v6,https://www.belittlethingscreatives.online/,Media and Entertainment,AdTech,Web technologies,B2B,MEERA MOHAN | RESMI JAMES,Medium,Industry: AdTech; Technology: Web technologies,MEDIUM,AdTech + Web technologies; software core not fully established
526,BEFIND SOLUTIONS PRIVATE LIMITED,"Kannur, Kerala",https://startups.startupmission.in/startups/8KmXn,https://www.fiinder.in/,Media and Entertainment,AdTech,Mobile Apps,B2B | Freemium | Marketplace,Muhammed Asharaf P,Medium,Industry: AdTech; Technology: Mobile Apps,MEDIUM,AdTech + Mobile Apps + Marketplace; software core unclear
539,BENETIZE PRIVATE LIMITED,"Thiruvananthapuram, Kerala",https://startups.startupmission.in/startups/04Lv0,https://www.benetizegroup.com/,Healthcare,Healthcare IT,Biotechnology,B2C,,Medium,Industry: Healthcare IT; Technology: Biotechnology,MEDIUM,"Healthcare IT is listed, but Technology is Biotechnology only"
540,BENLOTEX PRIVATE LIMITED,"Kottayam, Kerala",https://startups.startupmission.in/startups/Zrkmx,https://benlotex.com/,Agriculture and Life Sciences | Healthcare | Climate | Education | Energy | Consumer Goods,Agri Tech | Fitness & Wellness | Climate tech | EdTech | Renewable Energy | Consumer Hardware,Sensors | Internet of Things (IoT) | AI / ML | Nanotechnology | Big data | Blockchain | Smart Home | Robotics,B2B | B2G | B2C,Femy B Varghese | Geethu Joseph,Medium,Industry: Agri Tech | Fitness & Wellness | Climate tech | EdTech | Renewable Energy | Consumer Hardware; Technology: Sensors | Internet of Things (IoT) | AI / ML | Nanotechnology | Big data | Blockchain | Smart Home | Robotics,MEDIUM,"AI / ML, Big data, Blockchain, IoT, and Robotics are listed across mixed sectors"
541,BENLYCOS PRIVATE LIMITED,"Kozhikode, Kerala",https://startups.startupmission.in/startups/0MEk0,https://www.benlycos.com,Electronics and Communication,Telecom,Web technologies | Cyber Security,B2B,KUMAR MRINAL | Sajith EK,Medium,Technology: Web technologies | Cyber Security,HIGH,Telecom + Web technologies + Cyber Security
544,BESTER ACADEMY STUDY IN INDIA AND ABROAD PRIVATE LIMITED,"Wayanad, Kerala",https://startups.startupmission.in/startups/04W6M,https://besterlearning.com/,Education,EdTech,Geographic Information Systems,B2C | B2B,MUHAMMAD JABIR K P | FATHIMATH NAJEEBA,Medium,Industry: EdTech,MEDIUM,EdTech + Geographic Information Systems; software core unclear
557,BHARAT WIFI PRIVATE LIMITED,"Thiruvananthapuram, Kerala",https://startups.startupmission.in/startups/8KQ2G,https://bharatwifi.co/,Electronics and Communication,Telecom,Display Technology | AI / ML | Big data,B2B | B2G | SaaS,CHANDRA BHANU MOHAPATRA | SYAM KUMAR RAVINDRAN,Medium,Technology: Display Technology | AI / ML | Big data; Business model: B2B | B2G | SaaS,HIGH,AI / ML + Big data + B2B/B2G SaaS
576,BIGSLATE MEDIA SOLUTIONS PRIVATE LIMITED,"Kozhikode, Kerala",https://startups.startupmission.in/startups/pbgX3,https://www.bhavithaap@gmail.com/,Media and Entertainment,Social Media,Web technologies,B2B,BHAVITHA ACHI PILAKKOOL | SANIYO CHANDRAN SUVARNA,Medium,Industry: Social Media; Technology: Web technologies,MEDIUM,Social Media + Web technologies; software core unclear
578,BILDX TECHNOLOGIES PRIVATE LIMITED,"Ernakulam, Kerala",https://startups.startupmission.in/startups/05DGn,https://www.archpro.live,Retail,Real Estate Tech / Prop Tech,AI / ML | Big data | Virtual Reality (VR),Platform | B2B | B2C,Linto Mathew | John Mathew | Neethu Babuji,Medium,Technology: AI / ML | Big data | Virtual Reality (VR),HIGH,Real Estate Tech / Prop Tech + AI / ML + Big data + Virtual Reality (VR) Platform
600,BIOTA PRECISION AGRICULTURE PRIVATE LIMITED,"Thiruvananthapuram, Kerala",https://startups.startupmission.in/startups/Z2jKZ,http://www.thebiota.in,Agriculture and Life Sciences,Agri Tech,Internet of Things (IoT) | Mobile Apps | Sensors,B2B | B2G | SaaS,Kavitha B,Medium,Technology: Internet of Things (IoT) | Mobile Apps | Sensors; Business model: B2B | B2G | SaaS,HIGH,Agri Tech + Internet of Things (IoT) + Mobile Apps + B2B/B2G SaaS
606,BIRAPT MARKETING AND SOLUTIONS PRIVATE LIMITED,"Ernakulam, Kerala",https://startups.startupmission.in/startups/Z3kLZ,https://birapt.com/home,Media and Entertainment,AdTech,Web technologies,B2B,,Medium,Industry: AdTech; Technology: Web technologies,MEDIUM,AdTech + Web technologies; software core not fully established
607,BISAURA TECHNOLOGIES PRIVATE LIMITED,"Kannur, Kerala",https://startups.startupmission.in/startups/8LoNK,https://www.bisauratechnologies.com,Media and Entertainment,AdTech,Web technologies,B2C | B2B,SUJITH JAMES | MULLIKOTTU SANTHOSH | CHATHADI SANEESH,Medium,Industry: AdTech; Technology: Web technologies,MEDIUM,AdTech + Web technologies; software core not fully established
614,BIZATOM UNIVERSAL LOYALTY CARD PRIVATE LIMITED,"Malappuram, Kerala",https://startups.startupmission.in/startups/0JN4k,https://bizatom.in/,"Banking, Financial Services and Insurance",FinTech,Display Technology | Internet of Things (IoT) | Security & Surveillance Technology,B2B | B2C | D2C,ABBAS MANI PARAMBATH | SADIQALI MULANHIPPULAKKAL,Medium,Industry: FinTech; Technology: Display Technology | Internet of Things (IoT) | Security & Surveillance Technology,MEDIUM,FinTech + Internet of Things (IoT) + Security technology; software core unclear
638,BLOUNGE CO-WORKING PRIVATE LIMITED,"Kozhikode, Kerala",https://startups.startupmission.in/startups/Za2kK,http://blounge.in/,Other,Other,Big data,B2C,SHAMJID K P | MUHAMMED ANAS K K,Medium,Technology: Big data,EXCLUDE,Co-working business with Big data only
652,BLUSTEAK MEDIA PRIVATE LIMITED,"Kottayam, Kerala",https://startups.startupmission.in/startups/ZO1op,https://blusteak.com/,Media and Entertainment,AdTech,Web technologies,B2B,Telson Thomas | Jaison Thomas,Medium,Industry: AdTech; Technology: Web technologies,MEDIUM,AdTech + Web technologies; software core not fully established
654,BNKHUB FINSERV PRIVATE LIMITED,"Ernakulam, Kerala",https://startups.startupmission.in/startups/ZNMwW,https://www.bankhubsolutions.com,"Banking, Financial Services and Insurance",Financial Services,Mobile Apps,B2B | Platform,ABHILASH CHANDRAN | NIMMY JOHN | KIRAN T JOSEPH,Medium,Technology: Mobile Apps,MEDIUM,Financial Services + Mobile Apps + Platform; software core unclear
666,BOOFIGO ORDERING APP (OPC) PRIVATE LIMITED,"Kasaragod, Kerala",https://startups.startupmission.in/startups/ZdroQ,http://boofigo.in,Other,Other,Mobile Apps | Geographic Information Systems | Big data,B2B | D2C | B2C,KUNHIAHAMMED MUTTAM ABDUL RAHI,Medium,Technology: Mobile Apps | Geographic Information Systems | Big data,MEDIUM,Mobile Apps + Geographic Information Systems + Big data; sector and industry are Other
675,BOTCAST INDUSTRIES PRIVATE LIMITED,"Kozhikode, Kerala",https://startups.startupmission.in/startups/0ernP,http://botcast.in/,Media and Entertainment,AdTech,Web technologies,B2B,MUHAMMED IHSAN CP | Farsin CP,Medium,Industry: AdTech; Technology: Web technologies,MEDIUM,AdTech + Web technologies; software core not fully established
683,Brai Ro Tech Private Limited,"Thrissur, Kerala",https://startups.startupmission.in/startups/0WPVQ,https://prasobhkp111@gmail.com,Healthcare,Assistive Tech,Sensors | Manufacturing,B2C,,Medium,Industry: Assistive Tech,EXCLUDE,Assistive Tech + Sensors + Manufacturing; software signal is absent
690,BRANDFELL TECHNOLOGIES PRIVATE LIMITED,"Thiruvananthapuram, Kerala",https://startups.startupmission.in/startups/pvor8,https://brandfell.com,Media and Entertainment | Education,AdTech | EdTech,Web technologies,B2B | B2C,,Medium,Industry: AdTech | EdTech; Technology: Web technologies,MEDIUM,AdTech/EdTech + Web technologies; software core unclear
691,Branding Hut,"Kozhikode, Kerala",https://startups.startupmission.in/startups/07mBx,https://brandinghut.in,Media and Entertainment,AdTech,Web technologies,B2B,Nithin Sai | Vaishnav,Medium,Industry: AdTech; Technology: Web technologies,MEDIUM,AdTech + Web technologies; software core not fully established
700,Bridging Dots Media Solutions Private Limited,"Thiruvananthapuram, Kerala",https://startups.startupmission.in/startups/0wg5e,https://www.bridgingdots.com/,Media and Entertainment,Social Media,Web technologies,B2B,ARUN | prabodh,Medium,Industry: Social Media; Technology: Web technologies,MEDIUM,Social Media + Web technologies; software core unclear
718,BTREE IOT TECHNOLOGIES PRIVATE LIMITED,"Thiruvananthapuram, Kerala",https://startups.startupmission.in/startups/pvqR0,https://www.btree.in,Healthcare,Assistive Tech,Sensors | Security & Surveillance Technology | Manufacturing,B2C,,Medium,Industry: Assistive Tech,EXCLUDE,Assistive Tech + Sensors + Manufacturing; software signal is absent
722,BUDMORE AGRO INDUSTRIES PRIVATE LIMITED,"Alappuzha, Kerala",https://startups.startupmission.in/startups/0weg8,https://budmore.com/,Agriculture and Life Sciences,Agri Tech,Internet of Things (IoT) | Mobile Apps | AI / ML,B2B | SaaS | Marketplace | Platform,Najeeb MA | Pradeep Kumar Ayappan Pilla | Anilkumar Sasi | Karthika Prasad | Syamlal Sasi,Medium,Technology: Internet of Things (IoT) | Mobile Apps | AI / ML; Business model: B2B | SaaS | Marketplace | Platform,HIGH,Agri Tech + Internet of Things (IoT) + Mobile Apps + AI / ML + SaaS Platform
723,BUFFERBYTES TECHNOLOGIES PRIVATE LIMITED,"Kozhikode, Kerala",https://startups.startupmission.in/startups/ZdY5X,https://bufferbytes.io,Other,Other,AI / ML | Big data | Mobile Apps,B2B | SaaS,SABIQUE AHAMMED LAVA | SUMESH SIVAN P,Medium,Technology: AI / ML | Big data | Mobile Apps; Business model: B2B | SaaS,HIGH,AI / ML + Big data + Mobile Apps + B2B SaaS
732,BURSTCODE TECHNOLOGIES PRIVATE LIMITED,"Thiruvananthapuram, Kerala",https://startups.startupmission.in/startups/8Xwly,https://burstcode.in,Healthcare,Assistive Tech,Sensors,B2C,VATAKKE THACHOTH MADHU | PALATHIL NJANTIALA RESHMA,Medium,Industry: Assistive Tech,EXCLUDE,Assistive Tech + Sensors; software signal is absent
746,BYTE7 SERVICES PRIVATE LIMITED,"Ernakulam, Kerala",https://startups.startupmission.in/startups/Z9WGm,https://byte7.in/,Media and Entertainment,Social Media,Web technologies,B2B,AJAY KANTH | SREERENJINI J,Medium,Industry: Social Media; Technology: Web technologies,MEDIUM,Social Media + Web technologies; software core unclear
747,BYTEDART TECHNOLOGIES PRIVATE LIMITED,"Ernakulam, Kerala",https://startups.startupmission.in/startups/ZjG1r,https://www.bytedart.com,Media and Entertainment,AdTech,Mobile Apps | Web technologies,B2B,MERCY | ALWIN REJI,Medium,Industry: AdTech; Technology: Mobile Apps | Web technologies,MEDIUM,AdTech + Mobile Apps + Web technologies; software core not fully established
754,BZOLUTIONS GLOBAL PRIVATE LIMITED,"Thiruvananthapuram, Kerala",https://startups.startupmission.in/startups/8KQom,https://www.bzolutions.com/,Media and Entertainment,AdTech,Web technologies,B2B,RAJEEV KUMAR SANKARVEL | PADMAM NANDAKUMAR SINDHU,Medium,Industry: AdTech; Technology: Web technologies,MEDIUM,AdTech + Web technologies; software core not fully established
755,C SCHOOL OF CREATIVE STUDIES LLP,"Malappuram, Kerala",https://startups.startupmission.in/startups/pkwAz,http://thecschool.in,Education | Media and Entertainment,EdTech | AdTech,AI / ML | Web technologies | Mobile Apps,B2C | B2B,MUHAMMED SHAMSAD ELAMKUZHI | MUHAMMED HENEEN V,Medium,Industry: EdTech | AdTech; Technology: AI / ML | Web technologies | Mobile Apps,MEDIUM,EdTech/AdTech + AI / ML + Web technologies + Mobile Apps; software core unclear
793,Captains Social Foundation,"Kollam, Kerala",https://startups.startupmission.in/startups/0PAOW,https://www.thesocialcaptains.org/,Other,Other,Web technologies,B2B | B2C,Afsal Mohammed B,Medium,Technology: Web technologies,EXCLUDE,Web technologies alone; sector and industry are Other
824,CEED EDU SOLUTIONS PRIVATE LIMITED,"Kasaragod, Kerala",https://startups.startupmission.in/startups/pbVKG,https://www.ceedinternational.org/,Education,EdTech,Internet of Things (IoT),B2C,SHARAFUDHEEN M K | AHAMMED HASIF CHAKKIPARAMBAN,Medium,Industry: EdTech; Technology: Internet of Things (IoT),MEDIUM,EdTech + Internet of Things (IoT); software core unclear
838,CENTRE FOR INCLUSION STANDARDS AND PRACTICE PRIVATE LIMITED,"Idukki, Kerala",https://startups.startupmission.in/startups/0Wb2K,https://www.cispindia.com/,Other,Other,AI / ML | Big data | Internet of Things (IoT),B2B | B2C | SaaS,SHIBIN BINOY | SHINCY BINOY,Medium,Technology: AI / ML | Big data | Internet of Things (IoT); Business model: B2B | B2C | SaaS,HIGH,AI / ML + Big data + Internet of Things (IoT) + SaaS
851,CHAMS PHYGITAL MEDIA PRIVATE LIMITED,"Ernakulam, Kerala",https://startups.startupmission.in/startups/8ArYZ,https://letsplayoutdoors.in/home,Media and Entertainment,AdTech,Web technologies,B2B,,Medium,Industry: AdTech; Technology: Web technologies,MEDIUM,AdTech + Web technologies; software core not fully established
866,CHIRAMEL VENTURES PRIVATE LIMITED,"Ernakulam, Kerala",https://startups.startupmission.in/startups/ZNNJL,https://www.chiramelventures.com/,Media and Entertainment,AdTech,Web technologies,B2B | B2C,JOY CHIRAMEL PAUL | HENNAMARY JOSE,Medium,Industry: AdTech; Technology: Web technologies,MEDIUM,AdTech + Web technologies; software core not fully established
875,CIBERA DEFENCE PRIVATE LIMITED,"Thiruvananthapuram, Kerala",https://startups.startupmission.in/startups/8nVEx,https://cdc-on.in/,Other,Other,Internet of Things (IoT) | Cyber Security,B2B | D2C | B2G,Pradeep Ravi | Krishna Lal Ramchandran Nair,Medium,Technology: Internet of Things (IoT) | Cyber Security,HIGH,Cyber Security + Internet of Things (IoT)
876,CINEMACLUBBY BUSINESS SOLUTIONS PRIVATE LIMITED,"Alappuzha, Kerala",https://startups.startupmission.in/startups/Z9gmp,https://www.cinemaclubby.com,Media and Entertainment,Social Media,Web technologies,B2B | B2C,,Medium,Industry: Social Media; Technology: Web technologies,MEDIUM,Social Media + Web technologies; software core unclear
878,CINESENTINEL PRIVATE LIMITED,"Kollam, Kerala",https://startups.startupmission.in/startups/07XKm,https://sites.google.com/view/cinesentinel/home,Media and Entertainment,AdTech,AI / ML | Security & Surveillance Technology,B2B,VISHNU V | DEEPTHI VINODKUMAR,Medium,Industry: AdTech; Technology: AI / ML | Security & Surveillance Technology,MEDIUM,AdTech + AI / ML + Security technology; software core unclear
887,CIVRA TECH PRIVATE LIMITED,"Kozhikode, Kerala",https://startups.startupmission.in/startups/05Wno,https://civra.co.in/,Retail,Real Estate Tech / Prop Tech,Web technologies | Mobile Apps,SaaS,Vivek Das | Rizwin Noushad,Medium,Technology: Web technologies | Mobile Apps; Business model: SaaS,HIGH,Real Estate Tech / Prop Tech + Web technologies + Mobile Apps + SaaS
892,CLAZZO INNOVATIONS LLP,"Malappuram, Kerala",https://startups.startupmission.in/startups/0JGgp,https://www.clazzo.in,Media and Entertainment,AdTech,Web technologies,B2B,,Medium,Industry: AdTech; Technology: Web technologies,MEDIUM,AdTech + Web technologies; software core not fully established
904,CLIMAI CLEANTECH PRIVATE LIMITED,"Thiruvananthapuram, Kerala",https://startups.startupmission.in/startups/pzgwQ,https://www.solyield.com/,Energy,Renewable Energy,AI / ML | Big data | Internet of Things (IoT),B2B | SaaS | Platform,Siva Harsh S,Medium,Technology: AI / ML | Big data | Internet of Things (IoT); Business model: B2B | SaaS | Platform,HIGH,AI / ML + Big data + Internet of Things (IoT) + B2B SaaS Platform
913,CLOCKWELL INTERNATIONAL LLP,"Malappuram, Kerala",https://startups.startupmission.in/startups/Z1zjb,https://www.clockwell.in/,Other,Other,Web technologies,B2B | B2C,MOHAMMED SONU AFNAN P K | Muhammed Shaheel V V,Medium,Technology: Web technologies,EXCLUDE,Web technologies alone; sector and industry are Other
931,COCHIN STERILISATION SERVICES PRIVATE LIMITED,"Thrissur, Kerala",https://startups.startupmission.in/startups/pbnwn,,Other,Other,Web technologies | Biotechnology | Internet of Things (IoT),B2B | B2C,BALAKRISHNAN PRATAP NELLIPARAMBIL | Deepak,Medium,Technology: Web technologies | Biotechnology | Internet of Things (IoT),EXCLUDE,"Biotechnology and IoT are listed, but software core is not established"
936,CODEACE IT SOLUTIONS LLP,"Kozhikode, Kerala",https://startups.startupmission.in/startups/0JW6p,https://www.codeace.com,Media and Entertainment,AdTech,Web technologies,B2B,,Medium,Industry: AdTech; Technology: Web technologies,MEDIUM,AdTech + Web technologies; software core not fully established
937,CODECARROTS TECHNOLOGIES LLP,"Ernakulam, Kerala",https://startups.startupmission.in/startups/0JNjy,https://codecarrots.com,Other,Other,Mobile Apps | Web technologies,B2C | B2B,MANU S | SREEKA CHANDRAN,Medium,Technology: Mobile Apps | Web technologies,HIGH,Mobile Apps + Web technologies + B2B/B2C
948,CODX SYSTEMS,"Ernakulam, Kerala",https://startups.startupmission.in/startups/Zdr4Q,https://codxsystems.in/,Electronics and Communication,Manufacturing,Robotics | Sensors | AI / ML,B2B,Akshay Kannan | Olickal Noble Jacob | Adhithya R,Medium,Technology: Robotics | Sensors | AI / ML,MEDIUM,Manufacturing + Robotics + Sensors + AI / ML; software core unclear
955,COGNIFLUENZ DEEPTECH PRIVATE LIMITED,"Thiruvananthapuram, Kerala",https://startups.startupmission.in/startups/0MoDv,https://www.cognifluenz.com,Mobility,Mobility,AI / ML | Drones | Robotics,B2B | SaaS,Rajeev Kumaraswamy | Leena Leela Krishnankutty,Medium,Technology: AI / ML | Drones | Robotics; Business model: B2B | SaaS,HIGH,AI / ML + Drones + Robotics + B2B SaaS
967,COMFINITY TECHNOLOGIES PRIVATE LIMITED,"Palakkad, Kerala",https://startups.startupmission.in/startups/8XwYD,https://www.comfinityindia.com,Other,Other,AI / ML | Big data | Blockchain,B2B | B2C | Platform,Ajay Krishna K | Sooraj Sudevan,Medium,Technology: AI / ML | Big data | Blockchain,HIGH,AI / ML + Big data + Blockchain + Platform
