company_name,location,ksum_url,previous_classification,final_classification,audit_decision,reason,sector,industry,technology,business_model
70mm Media Village LLP,"Ernakulam, Kerala",https://startups.startupmission.in/startups/Z2znV,Medium,Medium,KEEP,AdTech + Mobile Apps; software core not fully established,Media and Entertainment,AdTech,Mobile Apps,B2B
Aasayaa Media Soultions,"Thiruvananthapuram, Kerala",https://startups.startupmission.in/startups/ZOmmb,Medium,Medium,KEEP,AdTech + Web technologies; software core not fully established,Media and Entertainment,AdTech,Web technologies,B2B
ACCESSIBILITY HUB PRIVATE LIMITED,"Thiruvananthapuram, Kerala",https://startups.startupmission.in/startups/8KmBG,Medium,Medium,KEEP,"AI / ML present, but Manufacturing and Sustainable Construction are also listed",Other,Other,Manufacturing | Sustainable Construction | AI / ML,B2G | B2B | B2C
ACCGUY FINANCIAL SERVICES PRIVATE LIMITED,"Kottayam, Kerala",https://startups.startupmission.in/startups/poQYx,Medium,Medium,KEEP,Financial Services + Web technologies + Platform; software core unclear,"Banking, Financial Services and Insurance",Financial Services,Web technologies,D2C | B2B | Platform
ADDAY CREATIVE LLP,"Ernakulam, Kerala",https://startups.startupmission.in/startups/0w3eo,Medium,Medium,KEEP,AdTech + Web technologies; software core not fully established,Media and Entertainment,AdTech,Web technologies,B2B | B2G
ADHYAYA EDUCATIONAL SOLUTIONS PRIVATE LIMITED,"Alappuzha, Kerala",https://startups.startupmission.in/startups/8q6DE,Medium,Medium,KEEP,EdTech + Platform + Geographic Information Systems; developer relevance is possible but unclear,Education,EdTech,Geographic Information Systems,B2B | B2C | Platform
ADOWINGS PRIVATE LIMITED,"Thiruvananthapuram, Kerala",https://startups.startupmission.in/startups/Z9QWQ,Medium,Medium,KEEP,AdTech + Web technologies; software core not fully established,Media and Entertainment,AdTech,Web technologies,B2B
ADPUMB PRIVATE LIMITED,"Malappuram, Kerala",https://startups.startupmission.in/startups/pbgVY,Medium,Medium,KEEP,AdTech + Web technologies; software core not fully established,Media and Entertainment,AdTech,Web technologies,B2B
ADSFLO WORLDWIDE PRIVATE LIMITED,"Ernakulam, Kerala",https://startups.startupmission.in/startups/Z3eax,Medium,Medium,KEEP,AdTech + Web technologies; software core not fully established,Media and Entertainment,AdTech,Web technologies,B2B
ADWAYGA PRIVATE LIMITED,"Thrissur, Kerala",https://startups.startupmission.in/startups/Z1VJW,Medium,Medium,KEEP,Telecom + Web technologies + Internet of Things (IoT),Electronics and Communication,Telecom,Web technologies | Internet of Things (IoT),B2C | B2B
AESA SPORTS AND ENTERTAINMENTS PRIVATE LIMITED,"Ernakulam, Kerala",https://startups.startupmission.in/startups/8qrrv,Medium,Medium,KEEP,EdTech/Fitness + Mobile Apps + Web technologies; software core unclear,Education | Healthcare,EdTech | Fitness & Wellness,Mobile Apps | Web technologies,B2B | B2C
AION CREATIVE WINGS LLP,"Kollam, Kerala",https://startups.startupmission.in/startups/pkP58,Medium,Medium,KEEP,Social Media + Web technologies + Freemium; software core unclear,Media and Entertainment,Social Media,Web technologies,Freemium
AKATSA LLP,"Kannur, Kerala",https://startups.startupmission.in/startups/Zdl4Y,Medium,Medium,KEEP,Real Estate Tech / Prop Tech + Mobile Apps + Platform; software core unclear,Retail,Real Estate Tech / Prop Tech,Mobile Apps,Platform | D2C | Marketplace
AKINOZ DIGITAL MEDIA LLP,"Kozhikode, Kerala",https://startups.startupmission.in/startups/8Xw1z,Medium,Medium,KEEP,AdTech + Mobile Apps; software core not fully established,Media and Entertainment,AdTech,Mobile Apps,B2B | B2C
ALJALEEDI TRADING LLP,"Thrissur, Kerala",https://startups.startupmission.in/startups/8XwGY,Medium,Medium,KEEP,Agri Tech + Blockchain + AI / ML + Internet of Things (IoT); software core unclear,Agriculture and Life Sciences,Agri Tech,Blockchain | AI / ML | Internet of Things (IoT),B2B | B2C | Platform
ALPHANEX TECHNOLOGIES LLP,"Malappuram, Kerala",https://startups.startupmission.in/startups/0GJy5,Medium,Medium,KEEP,Web technologies + Big data; sector and industry are Other,Other,Other,Web technologies | Big data,B2B | B2C
ALTIBIX CODELAB PRIVATE LIMITED,"Kollam, Kerala",https://startups.startupmission.in/startups/0Jrr6,Medium,Medium,KEEP,AdTech + Mobile Apps + Web technologies; software core not fully established,Media and Entertainment,AdTech,Mobile Apps | Web technologies,Marketplace | B2B | B2C
AMLIRE PRIVATE LIMITED,"Ernakulam, Kerala",https://startups.startupmission.in/startups/Zdlm4,Medium,Medium,KEEP,AdTech + Web technologies + Internet of Things (IoT); software core unclear,Media and Entertainment,AdTech,Web technologies | Internet of Things (IoT),B2B
APPSTRAY PRIVATE LIMITED,"Thiruvananthapuram, Kerala",https://startups.startupmission.in/startups/0PAAW,Medium,Medium,KEEP,AdTech + Web technologies; software core not fully established,Media and Entertainment,AdTech,Web technologies,B2B | B2C
ARTIFEX STUDIOS PRIVATE LIMITED,"Alappuzha, Kerala",https://startups.startupmission.in/startups/0POPN,Medium,Medium,KEEP,AdTech + Mobile Apps; software core not fully established,Media and Entertainment,AdTech,Mobile Apps,B2B
ARUNRAJKARTHA PRODUCTIONS PRIVATE LIMITED,"Ernakulam, Kerala",https://startups.startupmission.in/startups/ZaOnp,Medium,Medium,KEEP,AdTech + Web technologies; software core not fully established,Media and Entertainment,AdTech,Web technologies,B2B
Atbott Solutions,"Ernakulam, Kerala",https://startups.startupmission.in/startups/ZrP55,Medium,Medium,KEEP,AdTech + Web technologies; software core not fully established,Media and Entertainment,AdTech,Web technologies,B2B
ATHELSTAN TECHNOLABS PRIVATE LIMITED,"Ernakulam, Kerala",https://startups.startupmission.in/startups/Z1mgK,Medium,Medium,KEEP,AdTech + Web technologies; software core not fully established,Media and Entertainment,AdTech,Web technologies,B2B
AUDENTO DIGITAL PRIVATE LIMITED,"Ernakulam, Kerala",https://startups.startupmission.in/startups/pzyQ0,Medium,Medium,KEEP,AdTech + Web technologies; software core not fully established,Media and Entertainment,AdTech,Web technologies,B2B
Augmenta Innovations Private Limited,"Ernakulam, Kerala",https://startups.startupmission.in/startups/0BVyB,Medium,Medium,KEEP,EdTech + Augmented Reality (AR) + Virtual Reality (VR); software core unclear,Education,EdTech,Augmented Reality (AR) | Virtual Reality (VR),B2B | B2C
AURAFINA TECHNOLOGIES PRIVATE LIMITED,"Ernakulam, Kerala",https://startups.startupmission.in/startups/0wRzZ,Medium,Medium,KEEP,Social Media + Mobile Apps + Web technologies; software core unclear,Media and Entertainment,Social Media,Mobile Apps | Web technologies,B2B
AUTOMITHRA INDIA PRIVATE LIMITED,"Palakkad, Kerala",https://startups.startupmission.in/startups/8noxZ,Medium,Medium,KEEP,AdTech + Web technologies; software core not fully established,Media and Entertainment,AdTech,Web technologies,B2B
AVARTA IT AND DESIGN SOLUTIONS PRIVATE LIMITED,"Pathanamthitta, Kerala",https://startups.startupmission.in/startups/0JNvY,Medium,Medium,KEEP,AI / ML + Biotechnology + Drones + Platform; software core unclear,Other,Other,AI / ML | Biotechnology | Drones,B2B | Platform
AYALSKILL PRIVATE LIMITED,"Thrissur, Kerala",https://startups.startupmission.in/startups/plk7B,Medium,Medium,KEEP,Web technologies + Marketplace; sector and industry are Other,Other,Other,Web technologies,B2B | B2C | Marketplace
BE LITTLE THINGS LLP,"Thiruvananthapuram, Kerala",https://startups.startupmission.in/startups/ZN5v6,Medium,Medium,KEEP,AdTech + Web technologies; software core not fully established,Media and Entertainment,AdTech,Web technologies,B2B
BEFIND SOLUTIONS PRIVATE LIMITED,"Kannur, Kerala",https://startups.startupmission.in/startups/8KmXn,Medium,Medium,KEEP,AdTech + Mobile Apps + Marketplace; software core unclear,Media and Entertainment,AdTech,Mobile Apps,B2B | Freemium | Marketplace
BENETIZE PRIVATE LIMITED,"Thiruvananthapuram, Kerala",https://startups.startupmission.in/startups/04Lv0,Medium,Medium,KEEP,"Healthcare IT is listed, but Technology is Biotechnology only",Healthcare,Healthcare IT,Biotechnology,B2C
BENLOTEX PRIVATE LIMITED,"Kottayam, Kerala",https://startups.startupmission.in/startups/Zrkmx,Medium,Medium,KEEP,"AI / ML, Big data, Blockchain, IoT, and Robotics are listed across mixed sectors",Agriculture and Life Sciences | Healthcare | Climate | Education | Energy | Consumer Goods,Agri Tech | Fitness & Wellness | Climate tech | EdTech | Renewable Energy | Consumer Hardware,Sensors | Internet of Things (IoT) | AI / ML | Nanotechnology | Big data | Blockchain | Smart Home | Robotics,B2B | B2G | B2C
BESTER ACADEMY STUDY IN INDIA AND ABROAD PRIVATE LIMITED,"Wayanad, Kerala",https://startups.startupmission.in/startups/04W6M,Medium,Medium,KEEP,EdTech + Geographic Information Systems; software core unclear,Education,EdTech,Geographic Information Systems,B2C | B2B
BIGSLATE MEDIA SOLUTIONS PRIVATE LIMITED,"Kozhikode, Kerala",https://startups.startupmission.in/startups/pbgX3,Medium,Medium,KEEP,Social Media + Web technologies; software core unclear,Media and Entertainment,Social Media,Web technologies,B2B
BIRAPT MARKETING AND SOLUTIONS PRIVATE LIMITED,"Ernakulam, Kerala",https://startups.startupmission.in/startups/Z3kLZ,Medium,Medium,KEEP,AdTech + Web technologies; software core not fully established,Media and Entertainment,AdTech,Web technologies,B2B
BISAURA TECHNOLOGIES PRIVATE LIMITED,"Kannur, Kerala",https://startups.startupmission.in/startups/8LoNK,Medium,Medium,KEEP,AdTech + Web technologies; software core not fully established,Media and Entertainment,AdTech,Web technologies,B2C | B2B
BIZATOM UNIVERSAL LOYALTY CARD PRIVATE LIMITED,"Malappuram, Kerala",https://startups.startupmission.in/startups/0JN4k,Medium,Medium,KEEP,FinTech + Internet of Things (IoT) + Security technology; software core unclear,"Banking, Financial Services and Insurance",FinTech,Display Technology | Internet of Things (IoT) | Security & Surveillance Technology,B2B | B2C | D2C
BLUSTEAK MEDIA PRIVATE LIMITED,"Kottayam, Kerala",https://startups.startupmission.in/startups/ZO1op,Medium,Medium,KEEP,AdTech + Web technologies; software core not fully established,Media and Entertainment,AdTech,Web technologies,B2B
BNKHUB FINSERV PRIVATE LIMITED,"Ernakulam, Kerala",https://startups.startupmission.in/startups/ZNMwW,Medium,Medium,KEEP,Financial Services + Mobile Apps + Platform; software core unclear,"Banking, Financial Services and Insurance",Financial Services,Mobile Apps,B2B | Platform
BOOFIGO ORDERING APP (OPC) PRIVATE LIMITED,"Kasaragod, Kerala",https://startups.startupmission.in/startups/ZdroQ,Medium,Medium,KEEP,Mobile Apps + Geographic Information Systems + Big data; sector and industry are Other,Other,Other,Mobile Apps | Geographic Information Systems | Big data,B2B | D2C | B2C
BOTCAST INDUSTRIES PRIVATE LIMITED,"Kozhikode, Kerala",https://startups.startupmission.in/startups/0ernP,Medium,Medium,KEEP,AdTech + Web technologies; software core not fully established,Media and Entertainment,AdTech,Web technologies,B2B
BRANDFELL TECHNOLOGIES PRIVATE LIMITED,"Thiruvananthapuram, Kerala",https://startups.startupmission.in/startups/pvor8,Medium,Medium,KEEP,AdTech/EdTech + Web technologies; software core unclear,Media and Entertainment | Education,AdTech | EdTech,Web technologies,B2B | B2C
Branding Hut,"Kozhikode, Kerala",https://startups.startupmission.in/startups/07mBx,Medium,Medium,KEEP,AdTech + Web technologies; software core not fully established,Media and Entertainment,AdTech,Web technologies,B2B
Bridging Dots Media Solutions Private Limited,"Thiruvananthapuram, Kerala",https://startups.startupmission.in/startups/0wg5e,Medium,Medium,KEEP,Social Media + Web technologies; software core unclear,Media and Entertainment,Social Media,Web technologies,B2B
BYTE7 SERVICES PRIVATE LIMITED,"Ernakulam, Kerala",https://startups.startupmission.in/startups/Z9WGm,Medium,Medium,KEEP,Social Media + Web technologies; software core unclear,Media and Entertainment,Social Media,Web technologies,B2B
BYTEDART TECHNOLOGIES PRIVATE LIMITED,"Ernakulam, Kerala",https://startups.startupmission.in/startups/ZjG1r,Medium,Medium,KEEP,AdTech + Mobile Apps + Web technologies; software core not fully established,Media and Entertainment,AdTech,Mobile Apps | Web technologies,B2B
BZOLUTIONS GLOBAL PRIVATE LIMITED,"Thiruvananthapuram, Kerala",https://startups.startupmission.in/startups/8KQom,Medium,Medium,KEEP,AdTech + Web technologies; software core not fully established,Media and Entertainment,AdTech,Web technologies,B2B
C SCHOOL OF CREATIVE STUDIES LLP,"Malappuram, Kerala",https://startups.startupmission.in/startups/pkwAz,Medium,Medium,KEEP,EdTech/AdTech + AI / ML + Web technologies + Mobile Apps; software core unclear,Education | Media and Entertainment,EdTech | AdTech,AI / ML | Web technologies | Mobile Apps,B2C | B2B
CEED EDU SOLUTIONS PRIVATE LIMITED,"Kasaragod, Kerala",https://startups.startupmission.in/startups/pbVKG,Medium,Medium,KEEP,EdTech + Internet of Things (IoT); software core unclear,Education,EdTech,Internet of Things (IoT),B2C
CHAMS PHYGITAL MEDIA PRIVATE LIMITED,"Ernakulam, Kerala",https://startups.startupmission.in/startups/8ArYZ,Medium,Medium,KEEP,AdTech + Web technologies; software core not fully established,Media and Entertainment,AdTech,Web technologies,B2B
CHIRAMEL VENTURES PRIVATE LIMITED,"Ernakulam, Kerala",https://startups.startupmission.in/startups/ZNNJL,Medium,Medium,KEEP,AdTech + Web technologies; software core not fully established,Media and Entertainment,AdTech,Web technologies,B2B | B2C
CINEMACLUBBY BUSINESS SOLUTIONS PRIVATE LIMITED,"Alappuzha, Kerala",https://startups.startupmission.in/startups/Z9gmp,Medium,Medium,KEEP,Social Media + Web technologies; software core unclear,Media and Entertainment,Social Media,Web technologies,B2B | B2C
CINESENTINEL PRIVATE LIMITED,"Kollam, Kerala",https://startups.startupmission.in/startups/07XKm,Medium,Medium,KEEP,AdTech + AI / ML + Security technology; software core unclear,Media and Entertainment,AdTech,AI / ML | Security & Surveillance Technology,B2B
CLAZZO INNOVATIONS LLP,"Malappuram, Kerala",https://startups.startupmission.in/startups/0JGgp,Medium,Medium,KEEP,AdTech + Web technologies; software core not fully established,Media and Entertainment,AdTech,Web technologies,B2B
CODEACE IT SOLUTIONS LLP,"Kozhikode, Kerala",https://startups.startupmission.in/startups/0JW6p,Medium,Medium,KEEP,AdTech + Web technologies; software core not fully established,Media and Entertainment,AdTech,Web technologies,B2B
CODX SYSTEMS,"Ernakulam, Kerala",https://startups.startupmission.in/startups/Zdr4Q,Medium,Medium,KEEP,Manufacturing + Robotics + Sensors + AI / ML; software core unclear,Electronics and Communication,Manufacturing,Robotics | Sensors | AI / ML,B2B
ABROADANGELS CONSULTANCY PRIVATE LIMITED,"Kannur, Kerala",https://startups.startupmission.in/startups/0BwEw,Exclude,Exclude,KEEP_EXCLUDED,Web technologies alone; sector and industry are Other,Other,Other,Web technologies,B2B | B2G | D2C
ALTIX PUBLISHER PRIVATE LIMITED,"Thiruvananthapuram, Kerala",https://startups.startupmission.in/startups/pbnV3,Exclude,Exclude,KEEP_EXCLUDED,Web technologies alone; sector and industry are Other,Other,Other,Web technologies,B2B | B2C
ANK LIFECARE PRIVATE LIMITED,"Ernakulam, Kerala",https://startups.startupmission.in/startups/8VKLZ,Exclude,Exclude,KEEP_EXCLUDED,Assistive Tech + Manufacturing; software signal is absent,Healthcare,Assistive Tech,Manufacturing,B2C
ARKS Enterprises,"Palakkad, Kerala",https://startups.startupmission.in/startups/Z1mzx,Exclude,Exclude,KEEP_EXCLUDED,Web technologies alone with D2C business model,Other,Other,Web technologies,D2C
ASIOS ALLIANCE PRIVATE LIMITED,"Kozhikode, Kerala",https://startups.startupmission.in/startups/poQd3,Exclude,Exclude,KEEP_EXCLUDED,Web technologies alone; sector and industry are Other,Other,Other,Web technologies,B2B | B2C
Asta Infotech,"Idukki, Kerala",https://startups.startupmission.in/startups/0Jkgp,Exclude,Exclude,KEEP_EXCLUDED,Web technologies alone; sector and industry are Other,Other,Other,Web technologies,B2C
AURIX BUSINESS CORP PRIVATE LIMITED,"Thrissur, Kerala",https://startups.startupmission.in/startups/8q6x3,Exclude,Exclude,KEEP_EXCLUDED,Web technologies alone; sector and industry are Other,Other,Other,Web technologies,B2C | B2B
AVB PRECIPRO (OPC) PRIVATE LIMITED,"Kozhikode, Kerala",https://startups.startupmission.in/startups/8VG5E,Exclude,Exclude,KEEP_EXCLUDED,3D Printing + AI / ML; software core is not established,Other,Other,3D Printing | AI / ML,B2B
BLOUNGE CO-WORKING PRIVATE LIMITED,"Kozhikode, Kerala",https://startups.startupmission.in/startups/Za2kK,Exclude,Exclude,KEEP_EXCLUDED,Co-working business with Big data only,Other,Other,Big data,B2C
Brai Ro Tech Private Limited,"Thrissur, Kerala",https://startups.startupmission.in/startups/0WPVQ,Exclude,Exclude,KEEP_EXCLUDED,Assistive Tech + Sensors + Manufacturing; software signal is absent,Healthcare,Assistive Tech,Sensors | Manufacturing,B2C
BTREE IOT TECHNOLOGIES PRIVATE LIMITED,"Thiruvananthapuram, Kerala",https://startups.startupmission.in/startups/pvqR0,Exclude,Exclude,KEEP_EXCLUDED,Assistive Tech + Sensors + Manufacturing; software signal is absent,Healthcare,Assistive Tech,Sensors | Security & Surveillance Technology | Manufacturing,B2C
BURSTCODE TECHNOLOGIES PRIVATE LIMITED,"Thiruvananthapuram, Kerala",https://startups.startupmission.in/startups/8Xwly,Exclude,Exclude,KEEP_EXCLUDED,Assistive Tech + Sensors; software signal is absent,Healthcare,Assistive Tech,Sensors,B2C
Captains Social Foundation,"Kollam, Kerala",https://startups.startupmission.in/startups/0PAOW,Exclude,Exclude,KEEP_EXCLUDED,Web technologies alone; sector and industry are Other,Other,Other,Web technologies,B2B | B2C
CLOCKWELL INTERNATIONAL LLP,"Malappuram, Kerala",https://startups.startupmission.in/startups/Z1zjb,Exclude,Exclude,KEEP_EXCLUDED,Web technologies alone; sector and industry are Other,Other,Other,Web technologies,B2B | B2C
COCHIN STERILISATION SERVICES PRIVATE LIMITED,"Thrissur, Kerala",https://startups.startupmission.in/startups/pbnwn,Exclude,Exclude,KEEP_EXCLUDED,"Biotechnology and IoT are listed, but software core is not established",Other,Other,Web technologies | Biotechnology | Internet of Things (IoT),B2B | B2C
