id,company_name,location,ksum_url,sector,industry,technology,business_model,exclusion_reason,previous_classification,final_classification
41,ABROADANGELS CONSULTANCY PRIVATE LIMITED,"Kannur, Kerala",https://startups.startupmission.in/startups/0BwEw,Other,Other,Web technologies,B2B | B2G | D2C,Web technologies alone; sector and industry are Other,Exclude,Exclude
261,ALTIX PUBLISHER PRIVATE LIMITED,"Thiruvananthapuram, Kerala",https://startups.startupmission.in/startups/pbnV3,Other,Other,Web technologies,B2B | B2C,Web technologies alone; sector and industry are Other,Exclude,Exclude
293,ANK LIFECARE PRIVATE LIMITED,"Ernakulam, Kerala",https://startups.startupmission.in/startups/8VKLZ,Healthcare,Assistive Tech,Manufacturing,B2C,Assistive Tech + Manufacturing; software signal is absent,Exclude,Exclude
357,ARKS Enterprises,"Palakkad, Kerala",https://startups.startupmission.in/startups/Z1mzx,Other,Other,Web technologies,D2C,Web technologies alone with D2C business model,Exclude,Exclude
392,ASIOS ALLIANCE PRIVATE LIMITED,"Kozhikode, Kerala",https://startups.startupmission.in/startups/poQd3,Other,Other,Web technologies,B2B | B2C,Web technologies alone; sector and industry are Other,Exclude,Exclude
403,Asta Infotech,"Idukki, Kerala",https://startups.startupmission.in/startups/0Jkgp,Other,Other,Web technologies,B2C,Web technologies alone; sector and industry are Other,Exclude,Exclude
438,AURIX BUSINESS CORP PRIVATE LIMITED,"Thrissur, Kerala",https://startups.startupmission.in/startups/8q6x3,Other,Other,Web technologies,B2C | B2B,Web technologies alone; sector and industry are Other,Exclude,Exclude
456,AVB PRECIPRO (OPC) PRIVATE LIMITED,"Kozhikode, Kerala",https://startups.startupmission.in/startups/8VG5E,Other,Other,3D Printing | AI / ML,B2B,3D Printing + AI / ML; software core is not established,Exclude,Exclude
638,BLOUNGE CO-WORKING PRIVATE LIMITED,"Kozhikode, Kerala",https://startups.startupmission.in/startups/Za2kK,Other,Other,Big data,B2C,Co-working business with Big data only,Exclude,Exclude
683,Brai Ro Tech Private Limited,"Thrissur, Kerala",https://startups.startupmission.in/startups/0WPVQ,Healthcare,Assistive Tech,Sensors | Manufacturing,B2C,Assistive Tech + Sensors + Manufacturing; software signal is absent,Exclude,Exclude
718,BTREE IOT TECHNOLOGIES PRIVATE LIMITED,"Thiruvananthapuram, Kerala",https://startups.startupmission.in/startups/pvqR0,Healthcare,Assistive Tech,Sensors | Security & Surveillance Technology | Manufacturing,B2C,Assistive Tech + Sensors + Manufacturing; software signal is absent,Exclude,Exclude
732,BURSTCODE TECHNOLOGIES PRIVATE LIMITED,"Thiruvananthapuram, Kerala",https://startups.startupmission.in/startups/8Xwly,Healthcare,Assistive Tech,Sensors,B2C,Assistive Tech + Sensors; software signal is absent,Exclude,Exclude
793,Captains Social Foundation,"Kollam, Kerala",https://startups.startupmission.in/startups/0PAOW,Other,Other,Web technologies,B2B | B2C,Web technologies alone; sector and industry are Other,Exclude,Exclude
913,CLOCKWELL INTERNATIONAL LLP,"Malappuram, Kerala",https://startups.startupmission.in/startups/Z1zjb,Other,Other,Web technologies,B2B | B2C,Web technologies alone; sector and industry are Other,Exclude,Exclude
931,COCHIN STERILISATION SERVICES PRIVATE LIMITED,"Thrissur, Kerala",https://startups.startupmission.in/startups/pbnwn,Other,Other,Web technologies | Biotechnology | Internet of Things (IoT),B2B | B2C,"Biotechnology and IoT are listed, but software core is not established",Exclude,Exclude
