company_name,website
Appziac,https://appziac.com/
Nexteons Technologies LLP,https://nexteons.com/
CirroLink Solutions,http://www.cirrolinksolutions.com
Brands n Codes Media Technologies,https://brandsncodes.com
Foxiom Leads Pvt Ltd.,https://foxiom.com/
Indees IT Solutions Pvt Ltd,http://www.indeesitsolutions.com
MADCODRES TECHNOLOGIES LLP,https://madcodres.com
BEND PLUS TECHNOLOGIES PVT LTD,https://bendplus.com/
Leapinfotech Solutions,https://leapinfotech.in
Bicoders Solutions,https://bicoders.com/
Cyper Systems Technologies LLP,https://cypersystems.com/
Webeaz Technologies Pvt Ltd,https://www.webeaz.com
Sweans,https://www.sweans.com/
Peqone,https://peqone.com/
Data Spot,https://dataspot-its.com/
Polosys,https://polosys.com/
Petro Infotech,https://www.petroinfotech.com/
Axis,https://www.axisoftech.com/
Sysbreeze,https://www.sysbitech.com/
Febno Technologies,https://www.febno.com/
Cybrosys,https://www.cybrosys.com/
Midnay,https://midnay.com/
Fujishka,https://fujishka.com/
