company_name,url,error_type,error_message,timestamp,status
AlignMinds Technologies,https://alignminds.com/,HTTP_ERROR,HTTP 307,2026-10-07T16:26:21+00:00,Research Failed
Beth Soft Technologies India Private Limited,https://www.bethsofttechnologies.com/testimonial.html,HTTP_ERROR,HTTP 404,2026-10-07T16:29:13+00:00,Research Failed
Cascade Revenue Management Pvt. Ltd,https://www.aimabms.com/,HTTP_ERROR,HTTP 403,2026-10-07T16:30:21+00:00,Research Failed
CipherPeak Private Limited,https://cipherpeakpvtltd.com/,HTTP_ERROR,"ConnectionError: HTTPSConnectionPool(host='cipherpeakpvtltd.com', port=443): Max retries exceeded with url: / (Caused by NameResolutionError(""HTTPSConnection(host='cipherpeakpvtltd.com', port=443): Failed to resolve 'cipherpeakpvtltd.com' ([Errno 11001] getaddrinfo failed)""))",2026-10-07T16:30:48+00:00,Research Failed
Cloudium Software Pvt. Ltd.,https://www.cloudium.io/,HTTP_ERROR,"SSLError: HTTPSConnectionPool(host='www.cloudium.io', port=443): Max retries exceeded with url: / (Caused by SSLError(SSLCertVerificationError(1, '[SSL: CERTIFICATE_VERIFY_FAILED] certificate verify failed: unable to get local issuer certificate (_ssl.c:1006)')))",2026-10-07T16:31:47+00:00,Research Failed
ContactPoint 360,https://contactpoint360.com/recruiting-sourcing-software/,HTTP_ERROR,HTTP 404,2026-10-07T16:33:12+00:00,Research Failed
Currentware India Pvt Ltd.,https://www.currentware.com/,HTTP_ERROR,HTTP 403,2026-10-07T16:33:49+00:00,Research Failed
Distinct Infotech Solutions,https://www.distinctinfotech.com/,HTTP_ERROR,"SSLError: HTTPSConnectionPool(host='www.distinctinfotech.com', port=443): Max retries exceeded with url: / (Caused by SSLError(SSLCertVerificationError(1, '[SSL: CERTIFICATE_VERIFY_FAILED] certificate verify failed: certificate has expired (_ssl.c:1006)')))",2026-10-07T16:37:43+00:00,Research Failed
DOCGIANT SERVICES INDIA PVT.LTD.,https://www.docgiant.com/,HTTP_ERROR,"ConnectionError: HTTPSConnectionPool(host='www.docgiant.com', port=443): Max retries exceeded with url: / (Caused by NameResolutionError(""HTTPSConnection(host='www.docgiant.com', port=443): Failed to resolve 'www.docgiant.com' ([Errno 11001] getaddrinfo failed)""))",2026-10-07T16:37:46+00:00,Research Failed
Emsyne Technologies Private Limited,https://www.emsyne.com/,HTTP_ERROR,"SSLError: HTTPSConnectionPool(host='www.emsyne.com', port=443): Max retries exceeded with url: / (Caused by SSLError(SSLCertVerificationError(1, '[SSL: CERTIFICATE_VERIFY_FAILED] certificate verify failed: unable to get local issuer certificate (_ssl.c:1006)')))",2026-10-07T16:39:47+00:00,Research Failed
Endeion Engineering Services Pvt.Ltd.,https://www.endeion.com/,HTTP_ERROR,HTTP 403,2026-10-07T16:39:52+00:00,Research Failed
FIRMINIQ SYSTEMS,https://www.firminiq.com/,HTTP_ERROR,HTTP 403,2026-10-07T16:41:35+00:00,Research Failed
GEOJIT TECHNOLOGIES PVT LTD,https://geojit.tech/careers,HTTP_ERROR,"ConnectTimeout: HTTPConnectionPool(host='geojit.tech', port=80): Max retries exceeded with url: /careers/ (Caused by ConnectTimeoutError(<HTTPConnection(host='geojit.tech', port=80) at 0x18e54eafa90>, 'Connection to geojit.tech timed out. (connect timeout=10)'))",2026-10-07T16:43:41+00:00,Research Failed
Global Surf IT Pvt Ltd,https://www.globalsurf.ae/ & https://www.gs-it.ae/,HTTP_ERROR,HTTP 404,2026-10-07T16:44:14+00:00,Research Failed
IBS Software,https://www.ibsplc.com/,HTTP_ERROR,HTTP 403,2026-10-07T16:45:35+00:00,Research Failed
Inspite Technologies Pvt.Ltd,https://inspitetech.com/career/,HTTP_ERROR,HTTP 404,2026-10-07T16:48:00+00:00,Research Failed
JK Lucent Pvt Ltd,https://www.jklucent.com.au/,HTTP_ERROR,HTTP 403,2026-10-07T16:48:42+00:00,Research Failed
LINXAS IT CONSULTING PRIVATE LIMITED,https://linxas.com/careers/,HTTP_ERROR,HTTP 403,2026-10-07T16:50:15+00:00,Research Failed
Media Systems India,https://www.msisoft.in/,HTTP_ERROR,"ConnectionError: HTTPSConnectionPool(host='www.msisoft.in', port=443): Max retries exceeded with url: / (Caused by NameResolutionError(""HTTPSConnection(host='www.msisoft.in', port=443): Failed to resolve 'www.msisoft.in' ([Errno 11002] getaddrinfo failed)""))",2026-10-07T16:51:49+00:00,Research Failed
NAS Infosolutions Pvt Ltd,https://www.nasinfosolutions.com/,HTTP_ERROR,HTTP 403,2026-10-07T16:53:23+00:00,Research Failed
Neem Info Solutions Pvt. Ltd.,https://www.neemsoftware.com/,HTTP_ERROR,"SSLError: HTTPSConnectionPool(host='www.neemsoftware.com', port=443): Max retries exceeded with url: / (Caused by SSLError(SSLCertVerificationError(1, '[SSL: CERTIFICATE_VERIFY_FAILED] certificate verify failed: self-signed certificate (_ssl.c:1006)')))",2026-10-07T16:54:07+00:00,Research Failed
Noa Infosolutions LLP,https://www.noainfosolutions.com/,HTTP_ERROR,"ConnectTimeout: HTTPSConnectionPool(host='www.noainfosolutions.com', port=443): Max retries exceeded with url: / (Caused by ConnectTimeoutError(<HTTPSConnection(host='www.noainfosolutions.com', port=443) at 0x18e55009fd0>, 'Connection to www.noainfosolutions.com timed out. (connect timeout=10)'))",2026-10-07T16:56:04+00:00,Research Failed
NOMD Technologies,https://www.nomdindia.com/,HTTP_ERROR,"ConnectionError: HTTPSConnectionPool(host='www.nomdindia.com', port=443): Max retries exceeded with url: / (Caused by NameResolutionError(""HTTPSConnection(host='www.nomdindia.com', port=443): Failed to resolve 'www.nomdindia.com' ([Errno 11001] getaddrinfo failed)""))",2026-10-07T16:56:08+00:00,Research Failed
Onesoft Technologies LLP,https://www.onesoftapps.com/,HTTP_ERROR,HTTP 503 server error,2026-10-07T16:57:03+00:00,Research Failed
Opshore Talent Solutions Pvt.Ltd.,https://www.opshoretalentsolutions.com/,HTTP_ERROR,HTTP 403,2026-10-07T16:57:08+00:00,Research Failed
Outsource Partners International,https://www.opiglobal.com/,HTTP_ERROR,"SSLError: HTTPSConnectionPool(host='www.opiglobal.com', port=443): Max retries exceeded with url: / (Caused by SSLError(SSLError(1, '[SSL: TLSV1_UNRECOGNIZED_NAME] tlsv1 unrecognized name (_ssl.c:1006)')))",2026-10-07T16:57:53+00:00,Research Failed
PaulCart E Commerce Pvt. Ltd.,https://www.wibserp.com/,HTTP_ERROR,"ConnectTimeout: HTTPSConnectionPool(host='www.wibserp.com', port=443): Max retries exceeded with url: / (Caused by ConnectTimeoutError(<HTTPSConnection(host='www.wibserp.com', port=443) at 0x18e5557ac50>, 'Connection to www.wibserp.com timed out. (connect timeout=10)'))",2026-10-07T16:59:05+00:00,Research Failed
SEIDOR Opentrends,https://www.opentrends.net/,HTTP_ERROR,HTTP 403,2026-10-07T17:04:29+00:00,Research Failed
Steigend IT Solutions,https://steigendit.com/careers.html,HTTP_ERROR,HTTP 404,2026-10-07T17:06:12+00:00,Research Failed
Strands Energy Pvt. Ltd,https://strandsenergy.com/strandsenergy/contact.php,HTTP_ERROR,HTTP 409,2026-10-07T17:06:36+00:00,Research Failed
Stream Perfect Global Services (SPGS),https://www.stream-perfect.com/,HTTP_ERROR,"SSLError: HTTPSConnectionPool(host='www.stream-perfect.com', port=443): Max retries exceeded with url: / (Caused by SSLError(SSLCertVerificationError(1, '[SSL: CERTIFICATE_VERIFY_FAILED] certificate verify failed: unable to get local issuer certificate (_ssl.c:1006)')))",2026-10-07T17:06:41+00:00,Research Failed
Talk Digital Pvt. Ltd.,https://www.talkdigital.com.au/,HTTP_ERROR,HTTP 403,2026-10-07T17:07:13+00:00,Research Failed
"Tata Consultancy Services,",https://www.tcs.com/,HTTP_ERROR,HTTP 403,2026-10-07T17:07:21+00:00,Research Failed
Thriveminds Technologies Pvt. Ltd.,https://www.thrivemindsinnovations.com/,HTTP_ERROR,"ConnectionError: HTTPSConnectionPool(host='www.thrivemindsinnovations.com', port=443): Max retries exceeded with url: / (Caused by NameResolutionError(""HTTPSConnection(host='www.thrivemindsinnovations.com', port=443): Failed to resolve 'www.thrivemindsinnovations.com' ([Errno 11001] getaddrinfo failed)""))",2026-10-07T17:09:20+00:00,Research Failed
Titan Tech Emirates Pvt Ltd,https://titantechemirates.com/,HTTP_ERROR,HTTP 403,2026-10-07T17:09:24+00:00,Research Failed
Tukxi India Private Ltd,https://www.tukxi.in/,HTTP_ERROR,"ReadTimeout: HTTPSConnectionPool(host='www.tukxi.in', port=443): Read timed out. (read timeout=10)",2026-10-07T17:10:22+00:00,Research Failed
