company_name,website,infopark_profile_url,final_priority,public_email_found,email_count,primary_email,primary_email_category,research_status,research_source_count,notes
2Base Technologies Pvt Ltd,www.2basetechnologies.com,https://infopark.in/companies-profile/2base-technologies-pvt-ltd,High,Yes,1,careers@2basetechnologies.com,Careers,Completed - Email Found,4,
2Hats Logic Solutions Pvt. Ltd.,www.2hatslogic.com,https://infopark.in/companies-profile/2hats-logic-solutions-pvt-ltd,Medium,Yes,1,hr@2hatslogic.com,HR,Completed - Email Found,4,
42Square Technologies,www.42square.ai,https://infopark.in/companies-profile/42square-technologies,Medium,Yes,2,hr@42square.ai,HR,Completed - Email Found,1,
9Commerce Technologies,www.commerce9.io,https://infopark.in/companies-profile/9commerce-technologies,Medium,Yes,1,hr@commerce9.io,HR,Completed - Email Found,3,
Aabasoft Technologies India Private Limited,www.aabasoft.com,https://infopark.in/companies-profile/aabasoft-technologies-india-private-limited,Medium,Yes,1,info@aabasoft.com,General,Completed - Email Found,3,
Aarbee Structures Pvt.Ltd,www.aarbeestructures.com,https://infopark.in/companies-profile/aarbee-structures-pvt-ltd,Medium,Yes,2,careers@aarbeestructures.com,Careers,Completed - Email Found,3,
Abel Techsoft Private Limited,www.abeltechsoft.com,https://infopark.in/companies-profile/abel-techsoft-private-limited,High,Yes,1,info@abeltechsoft.com,General,Completed - Email Found,2,
Abilytics Consulting Pvt Ltd,www.abilytics.com,https://infopark.in/companies-profile/abilytics-consulting-pvt-ltd,High,Yes,1,hr@abilytics.com,HR,Completed - Email Found,4,
Acabes International Pvt. Ltd.,www.acabesinternational.com,https://infopark.in/companies-profile/acabes-international-pvt-ltd,Medium,Yes,1,support@acabesinternational.com,Other,Completed - Email Found,3,
Accelray Technologies Pvt Ltd,www.accelray.com,https://infopark.in/companies-profile/accelray-technologies-pvt-ltd,Medium,Yes,1,info@accelray.com,General,Completed - Email Found,3,
Aceware Fintech Services Pvt Ltd (Radiant Acemoney),www.acemoney.in,https://infopark.in/companies-profile/aceware-fintech-services-pvt-ltd-radiant-acemoney,High,Yes,4,career@acemoney.in,Careers,Completed - Email Found,3,
Acube Innovations,acubeinnovations.com,https://infopark.in/companies-profile/acube-innovations,Medium,Yes,2,info@acube.co,General,Completed - Email Found,3,
adesso India Private Ltd,www.adesso.in,https://infopark.in/companies-profile/adesso-india-private-ltd,Medium,Yes,1,info@adesso.in,General,Completed - Email Found,3,
Admaren Tech Pvt Ltd,admaren.com,https://infopark.in/companies-profile/admaren-tech-pvt-ltd,Medium,Yes,1,info@admaren.com,General,Completed - Email Found,4,
Advenser Engineering Services Private Limited,www.advenser.com,https://infopark.in/companies-profile/advenser-engineering-services-private-limited,Medium,Yes,1,info@advenser.com,General,Completed - Email Found,4,
"Affiliated Computer Services of India, A Xerox Company",www.xerox.com,https://infopark.in/companies-profile/affiliated-computer-services-of-india-a-xerox-company,Medium,Yes,35,contact@graphicslimited.com,General,Completed - Email Found,3,
Airo Global Software Pvt Ltd,www.airoglobal.com,https://infopark.in/companies-profile/airo-global-software-pvt-ltd,Medium,Yes,3,hiring@airoglobalsoftware.com,Hiring,Completed - Email Found,3,
Airpay Financial Technologies Pvt. Ltd,www.airpay.co.in,https://infopark.in/companies-profile/airpay-financial-technologies-pvt-ltd,Medium,No,0,,,Completed - No Public Email,4,
ALB Technologies Pvt Ltd,www.accuratelegalbilling.com,https://infopark.in/companies-profile/alb-technologies-pvt-ltd,High,Yes,1,hr@accuratelegalbilling.com,HR,Completed - Email Found,4,
AlignMinds Technologies,alignminds.com,https://infopark.in/companies-profile/alignminds-technologies,Medium,Yes,1,careers@alignminds.com,Careers,Completed - Email Found,2,Could not access https://alignminds.com/: HTTP 307
Alphasky Ventures Pvt. Ltd.,www.alphasky.aero,https://infopark.in/companies-profile/alphasky-ventures-pvt-ltd,Medium,Yes,1,sales@alphasky.aero,Other,Completed - Email Found,3,
ALTOS Technologies,altostechnologies.in,https://infopark.in/companies-profile/altos-technologies,Medium,Yes,1,info@altostechnologies.in,General,Completed - Email Found,4,
Amara Raja Design Alpha Private Limited,www.amararajadesignalpha.com,https://infopark.in/companies-profile/amara-raja-design-alpha-private-limited,Medium,Yes,1,sales@designalpha.in,Other,Completed - Email Found,3,
Amatosoft,amatosoft.com,https://infopark.in/companies-profile/amatosoft,Medium,Yes,1,info@amatosoft.com,General,Completed - Email Found,3,
AMIYON SOLUTIONS PVT LTD.,www.amiyon.com,https://infopark.in/companies-profile/amiyon-solutions-pvt-ltd,Medium,Yes,1,hr@amiyon.com,HR,Completed - Email Found,4,
Amla Consultancy Pvt Ltd,www.amlaconsultancy.com,https://infopark.in/companies-profile/amla-consultancy-pvt-ltd,Medium,Yes,1,info@amlaconsultancy.com,General,Completed - Email Found,3,
Amplitude Software Systems Pvt Ltd,www.jupiterbs.com,https://infopark.in/companies-profile/amplitude-software-systems-pvt-ltd,Medium,Yes,2,hr@jupiterbs.com,HR,Completed - Email Found,3,
Appadore Private Limited,www.appadore.com,https://infopark.in/companies-profile/appadore-private-limited,Medium,Yes,1,info@appadore.com,General,Completed - Email Found,3,
Applied Payments Technology Pvt Ltd.,www.appliedpaymentstech.com,https://infopark.in/companies-profile/applied-payments-technology-pvt-ltd,Medium,Yes,2,careers@appliedpaymentstech.com,Careers,Completed - Email Found,2,
Apps Team Technologies Pvt.Ltd.,appsteamtechnologies.com,https://infopark.in/companies-profile/apps-team-technologies-pvt-ltd,Medium,Yes,1,hello@appsteamtechnologies.com,General,Completed - Email Found,3,
Apro IT Solutions Pvt Ltd,www.aproitsolutions.com,https://infopark.in/companies-profile/apro-it-solutions-pvt-ltd,Medium,Yes,2,hr@aproitsolutions.in,HR,Completed - Email Found,3,
Aptlylabs India Pvt Ltd,aptlylabs.com,https://infopark.in/companies-profile/aptlylabs-india-pvt-ltd,High,Yes,1,info@aptlylabs.com,General,Completed - Email Found,4,
Armia Systems Pvt. Ltd,www.armia.com,https://infopark.in/companies-profile/armia-systems-pvt-ltd,Medium,Yes,2,jobs@armia.com,Careers,Completed - Email Found,3,
Array Platforms Pvt Ltd,array.team,https://infopark.in/companies-profile/array-platforms-pvt-ltd,Medium,Yes,3,contact@array.team,General,Completed - Email Found,3,
Art Technology and Software.,www.artechsoft.com,https://infopark.in/companies-profile/art-technology-and-software,Medium,Yes,1,info@artechsoft.com,General,Completed - Email Found,3,
Aspire Systems Digital Private Limited,www.aspiresys.com,https://infopark.in/companies-profile/aspire-systems-digital-private-limited,Medium,No,0,,,Completed - No Public Email,4,
AVENTUS INFORMATICS,www.aventusinformatics.com,https://infopark.in/companies-profile/aventus-informatics,Medium,Yes,1,info@aventusinformatics.com,General,Completed - Email Found,3,
Ayata Commerce Tech Solutions Pvt Ltd,www.ayatacommerce.com,https://infopark.in/companies-profile/ayata-commerce-tech-solutions-pvt-ltd,Medium,Yes,1,info@ayatacommerce.com,General,Completed - Email Found,3,
Banzan Studios,www.banzan.co,https://infopark.in/companies-profile/banzan-studios,Medium,Yes,1,info@banzan.co,General,Completed - Email Found,2,
Beinex Consulting Pvt Ltd,www.beinex.com,https://infopark.in/companies-profile/beinex-consulting-pvt-ltd,Medium,Yes,1,careers@beinex.com,Careers,Completed - Email Found,2,
Beth Soft Technologies India Private Limited,www.bethsofttechnologies.com,https://infopark.in/companies-profile/beth-soft-technologies-india-private-limited,Medium,Yes,2,info@bethsofttechnologies.com,General,Completed - Email Found,3,Could not access https://www.bethsofttechnologies.com/testimonial.html: HTTP 404
Bhooshan's Junior,www.bhooshansjr.in,https://infopark.in/companies-profile/bhooshan-s-junior,Medium,Yes,1,info@bhooshansjr.in,General,Completed - Email Found,2,
Binaries,www.binariesindia.com,https://infopark.in/companies-profile/binaries,Medium,Yes,1,info@binariesindia.com,General,Completed - Email Found,4,
BJ Corps Technologies (OPC) Private Limited,www.bjcorps.com,https://infopark.in/companies-profile/bj-corps-technologies-opc-private-limited,Medium,Yes,1,info@bjcorps.com,General,Completed - Email Found,2,
Braddock Infotech Pvt. Ltd.,www.braddockinfotech.com,https://infopark.in/companies-profile/braddock-infotech-pvt-ltd,Medium,Yes,2,careers@braddockinfotech.com,Careers,Completed - Email Found,1,
Braid Technologies Pvt. Ltd,,https://infopark.in/companies-profile/braid-technologies-pvt-ltd,Medium,Yes,1,info@braidtechnologies.com,General,Completed - Email Found,1,No usable website URL in frozen target data.
Bramma IT Solutions,www.brammait.com,https://infopark.in/companies-profile/bramma-it-solutions,Medium,No,0,,,Completed - No Public Email,4,
Brennan IT India Private Limited,www.brennanit.com.au,https://infopark.in/companies-profile/brennan-it-india-private-limited,Medium,No,0,,,Completed - No Public Email,4,
BroadTech IT Solutions Pvt Ltd,www.broadtech-innovations.com,https://infopark.in/companies-profile/broadtech-it-solutions-pvt-ltd,Medium,Yes,1,contact@broadtech-innovations.com,General,Completed - Email Found,3,
Cabot Technology Solutions Pvt. Ltd.,www.cabotsolutions.com,https://infopark.in/companies-profile/cabot-technology-solutions-pvt-ltd,Medium,Yes,1,info@cabotsolutions.com,General,Completed - Email Found,4,
Calpine Group,www.calpinetech.com,https://infopark.in/companies-profile/calpine-group,Medium,Yes,1,info@calpinetech.com,General,Completed - Email Found,2,
CareRevenue Technology Pvt. Ltd.,https://carerevenue.com/,https://infopark.in/companies-profile/carerevenue-technology-pvt-ltd,Medium,Yes,1,careers@carerevenue.com,Careers,Completed - Email Found,2,
Carnegie Worldwide Services Pvt Ltd,www.carnegieworldwideservices.com,https://infopark.in/companies-profile/carnegie-worldwide-services-pvt-ltd,Medium,No,0,,,Completed - No Public Email,4,
Cascade Revenue Management Pvt. Ltd,www.aimabms.com,https://infopark.in/companies-profile/cascade-revenue-management-pvt-ltd,Medium,No,0,,,Completed - No Public Email,2,Could not access https://www.aimabms.com/: HTTP 403 At least one permitted public source was unavailable; no eligible public business email was found on accessible sources.
Cavli Wireless,www.cavliwireless.com,https://infopark.in/companies-profile/cavli-wireless,Medium,Yes,2,careers@cavliwireless.com,Careers,Completed - Email Found,3,
CCS Technologies (P) Ltd,www.ccs-technologies.com,https://infopark.in/companies-profile/ccs-technologies-p-ltd,Medium,Yes,1,careers@ccs-technologies.com,Careers,Completed - Email Found,3,
CEREIV Advisory LLP,www.cereiv.com,https://infopark.in/companies-profile/cereiv-advisory-llp,Medium,Yes,1,sales@cereiv.com,Other,Completed - Email Found,3,
CHISQUARE LABS,chisquarelabs.com,https://infopark.in/companies-profile/chisquare-labs,High,Yes,2,careers@chisquarelabs.com,Careers,Completed - Email Found,3,
CipherPeak Private Limited,cipherpeakpvtltd.com,https://infopark.in/companies-profile/cipherpeak-private-limited,High,No,0,,,Completed - No Public Email,2,"Could not access https://cipherpeakpvtltd.com/: ConnectionError: HTTPSConnectionPool(host='cipherpeakpvtltd.com', port=443): Max retries exceeded with url: / (Caused by NameResolutionError(""HTTPSConnection(host='cipherpeakpvtltd.com', port=443): Failed to resolve 'cipherpeakpvtltd.com' ([Errno 11001] getaddrinfo failed)"")) At least one permitted public source was unavailable; no eligible public business email was found on accessible sources."
Classic Technologies & Business Solutions Pvt. Ltd.,www.ctebs.com,https://infopark.in/companies-profile/classic-technologies-business-solutions-pvt-ltd,Medium,Yes,2,hr@ctebs.com,HR,Completed - Email Found,3,
ClaySys Technologies Pvt.Ltd,www.claysys.com,https://infopark.in/companies-profile/claysys-technologies-pvt-ltd,Medium,Yes,1,info@claysys.com,General,Completed - Email Found,4,
Clevero India Pvt. Ltd.,www.cleverotel.com,https://infopark.in/companies-profile/clevero-india-pvt-ltd,Medium,Yes,1,sales@clevero.com,Other,Completed - Email Found,1,
CloudHouse Technologies Pvt.Ltd,cloudhousetechnologies.com,https://infopark.in/companies-profile/cloudhouse-technologies-pvt-ltd,High,Yes,2,jobs@cloudhousetechnologies.com,Careers,Completed - Email Found,3,
Cloudium Software Pvt. Ltd.,www.cloudium.io,https://infopark.in/companies-profile/cloudium-software-pvt-ltd,Medium,Yes,1,info@cloudium.io,General,Completed - Email Found,2,"Could not access https://www.cloudium.io/: SSLError: HTTPSConnectionPool(host='www.cloudium.io', port=443): Max retries exceeded with url: / (Caused by SSLError(SSLCertVerificationError(1, '[SSL: CERTIFICATE_VERIFY_FAILED] certificate verify failed: unable to get local issuer certificate (_ssl.c:1006)')))"
CLOUDVICE,www.cloudvice.com,https://infopark.in/companies-profile/cloudvice,High,Yes,1,info@cloudvice.com,General,Completed - Email Found,2,
CodeDesign Technologies Pvt Ltd,codedesign.in,https://infopark.in/companies-profile/codedesign-technologies-pvt-ltd,Medium,Yes,1,info@codedesign.in,General,Completed - Email Found,2,
Codelynks Software Solutions Private Limited,www.codelynks.com,https://infopark.in/companies-profile/codelynks-software-solutions-private-limited,Medium,Yes,1,info@codelynks.com,General,Completed - Email Found,2,
CodeNext Technologies Pvt. Ltd.,www.codenexttechnologies.com,https://infopark.in/companies-profile/codenext-technologies-pvt-ltd,Medium,Yes,1,info@codenexttechnologies.com,General,Completed - Email Found,2,
Codmeric Infotech Pvt. Ltd.,www.codmeric.com,https://infopark.in/companies-profile/codmeric-infotech-pvt-ltd,Medium,No,0,,,Completed - No Public Email,2,
Cognicor Technologies Pvt.Ltd,www.cognicor.com,https://infopark.in/companies-profile/cognicor-technologies-pvt-ltd,Medium,Yes,1,hr@cognicor.com,HR,Completed - Email Found,2,
Cogniwide Technologies Private Limited,https://www.cogniwide.com,https://infopark.in/companies-profile/cogniwide-technologies-private-limited,High,No,0,,,Completed - No Public Email,3,
Cognizant Technology Solutions,www.cognizant.com,https://infopark.in/companies-profile/cognizant-technology-solutions,Medium,No,0,,,Completed - No Public Email,3,
Coinone Global Solutions Pvt Ltd,www.coinoneglobal.com,https://infopark.in/companies-profile/coinone-global-solutions-pvt-ltd,Medium,Yes,1,info@coinoneglobal.com,General,Completed - Email Found,2,
Conduent Business Services LLP,www.conduent.com,https://infopark.in/companies-profile/conduent-business-services-llp,Medium,No,0,,,Completed - No Public Email,3,
Consoul Associates,www.consoulassociates.com,https://infopark.in/companies-profile/consoul-associates,Medium,Yes,1,info@consoulgroup.com,General,Completed - Email Found,2,
ContactPoint 360,www.contactpoint360.com,https://infopark.in/companies-profile/contactpoint-360,Medium,Yes,1,sales@contactpoint360.com,Other,Completed - Email Found,2,Could not access https://contactpoint360.com/recruiting-sourcing-software/: HTTP 404
CoolMinds Technologies Pvt Ltd.,www.coolmindsinc.com,https://infopark.in/companies-profile/coolminds-technologies-pvt-ltd,Medium,Yes,1,info@coolmindsinc.com,General,Completed - Email Found,2,
Crossgen Technologies,www.crossgentech.com,https://infopark.in/companies-profile/crossgen-technologies,Medium,Yes,2,info@crossgentech.com,General,Completed - Email Found,2,
CSEIDC TECHNOLOGIES PVT LTD,www.cse.com.sa,https://infopark.in/companies-profile/cseidc-technologies-pvt-ltd,High,Yes,2,jobs@cse.com.sa,Careers,Completed - Email Found,2,
Cubet Techno Labs Pvt.Ltd,www.cubettech.com,https://infopark.in/companies-profile/cubet-techno-labs-pvt-ltd,Medium,No,0,,,Completed - No Public Email,3,
Currentware India Pvt Ltd.,www.currentware.com,https://infopark.in/companies-profile/currentware-india-pvt-ltd,Medium,No,0,,,Completed - No Public Email,2,Could not access https://www.currentware.com/: HTTP 403 At least one permitted public source was unavailable; no eligible public business email was found on accessible sources.
CVS Info Solutions Private Limited,www.cvsinfosolutions.com,https://infopark.in/companies-profile/cvs-info-solutions-private-limited,High,No,0,,,Completed - No Public Email,2,
Cyberion Software Solutions Pvt. Ltd,www.pharma-erp.com,https://infopark.in/companies-profile/cyberion-software-solutions-pvt-ltd,High,Yes,1,info@cyberionsoft.com,General,Completed - Email Found,1,
Cybrosys Technologies Pvt. Ltd.,www.cybrosys.com,https://infopark.in/companies-profile/cybrosys-technologies-pvt-ltd,Medium,Yes,1,info@cybrosys.com,General,Completed - Email Found,2,
Daddara,daddara.in,https://infopark.in/companies-profile/daddara,Medium,No,0,,,Completed - No Public Email,2,
Daskalos virtual Academy pvt Limited,mytuitionapp.com,https://infopark.in/companies-profile/daskalos-virtual-academy-pvt-limited,Medium,No,0,,,Completed - No Public Email,3,
Dataequinox,www.dataequinox.com,https://infopark.in/companies-profile/dataequinox,Medium,Yes,1,hello@deqx.ai,General,Completed - Email Found,1,
Datafloat Technologies India Pvt Ltd,www.idcglobal.com,https://infopark.in/companies-profile/datafloat-technologies-india-pvt-ltd,Medium,No,0,,,Completed - No Public Email,3,
DataPMI Technologies LLP,www.datapmi.com,https://infopark.in/companies-profile/datapmi-technologies-llp,High,No,0,,,Completed - No Public Email,2,
Datum Innovation,www.datuminnovation.com,https://infopark.in/companies-profile/datum-innovation,Medium,Yes,1,info@datuminnovation.com,General,Completed - Email Found,2,
DBiz AI Solutions Pvt. Ltd.,dbiz.ai,https://infopark.in/companies-profile/dbiz-ai-solutions-pvt-ltd,High,No,0,,,Completed - No Public Email,3,
Dee and Lee Services,www.deeandlee.com,https://infopark.in/companies-profile/dee-and-lee-services,Medium,No,0,,,Completed - No Public Email,3,
Difinity Digital,difinitydigital.com,https://infopark.in/companies-profile/difinity-digital,High,Yes,2,careers@difinitydigital.com,Careers,Completed - Email Found,2,
Digiora Technologies Pvt.Ltd.,www.digiora.com,https://infopark.in/companies-profile/digiora-technologies-pvt-ltd,Medium,Yes,1,info@digiora.com,General,Completed - Email Found,2,
Dimensions Cybertech India Pvt. Ltd.,www.dimensionslive.com,https://infopark.in/companies-profile/dimensions-cybertech-india-pvt-ltd,Medium,Yes,1,info@dimensionsgroup.com,General,Completed - Email Found,2,
Direct7 Telecom Solutions Pvt Ltd,www.d7networks.com,https://infopark.in/companies-profile/direct7-telecom-solutions-pvt-ltd,Medium,Yes,1,info@d7networks.com,General,Completed - Email Found,3,
Distinct Infotech Solutions,www.distinctinfotech.com,https://infopark.in/companies-profile/distinct-infotech-solutions,Medium,No,0,,,Completed - No Public Email,2,"Could not access https://www.distinctinfotech.com/: SSLError: HTTPSConnectionPool(host='www.distinctinfotech.com', port=443): Max retries exceeded with url: / (Caused by SSLError(SSLCertVerificationError(1, '[SSL: CERTIFICATE_VERIFY_FAILED] certificate verify failed: certificate has expired (_ssl.c:1006)'))) At least one permitted public source was unavailable; no eligible public business email was found on accessible sources."
DOCGIANT SERVICES INDIA PVT.LTD.,www.docgiant.com,https://infopark.in/companies-profile/docgiant-services-india-pvt-ltd,Medium,No,0,,,Completed - No Public Email,2,"Could not access https://www.docgiant.com/: ConnectionError: HTTPSConnectionPool(host='www.docgiant.com', port=443): Max retries exceeded with url: / (Caused by NameResolutionError(""HTTPSConnection(host='www.docgiant.com', port=443): Failed to resolve 'www.docgiant.com' ([Errno 11001] getaddrinfo failed)"")) At least one permitted public source was unavailable; no eligible public business email was found on accessible sources."
Dooth Internet Service Pvt. Ltd.,www.dooth.com,https://infopark.in/companies-profile/dooth-internet-service-pvt-ltd,Medium,No,0,,,Completed - No Public Email,2,
Dot In Technologies,https://www.dotintech.com,https://infopark.in/companies-profile/dot-in-technologies,High,No,0,,,Completed - No Public Email,2,
Dynactionize India Pvt Ltd,www.consono.ai,https://infopark.in/companies-profile/dynactionize-india-pvt-ltd,Medium,Yes,1,info@consono.ai,General,Completed - Email Found,1,
Dynamed Healthcare Solutions Pvt.Ltd.,www.dynamedhealth.com,https://infopark.in/companies-profile/dynamed-healthcare-solutions-pvt-ltd,Medium,Yes,1,hr@dynamedhealth.com,HR,Completed - Email Found,2,
Edstem Technologies Pvt Ltd,www.edstem.com,https://infopark.in/companies-profile/edstem-technologies-pvt-ltd,Medium,Yes,2,careers@edstem.com,Careers,Completed - Email Found,2,
EGC Global Services India Pvt Ltd,www.egcgs.theegc.com,https://infopark.in/companies-profile/egc-global-services-india-pvt-ltd,Medium,No,0,,,Completed - No Public Email,3,
Electrifex Technologies Pvt. Ltd,www.electrifex.com,https://infopark.in/companies-profile/electrifex-technologies-pvt-ltd,Medium,Yes,1,info@electrifex.com,General,Completed - Email Found,2,
ELEMMENT FAÇADE Pvt Ltd,www.elemmentfacade.com,https://infopark.in/companies-profile/elemment-fa-ade-pvt-ltd,Medium,Yes,1,info@elemmentfacade.com,General,Completed - Email Found,2,
EMATRIX SOFTWARE PRIVATE LIMITED,www.ematrixsoftware.com,https://infopark.in/companies-profile/ematrix-software-private-limited,High,Yes,1,info@ematrixsoftware.com,General,Completed - Email Found,2,
Emergio Technologies Pvt Ltd,emergiogames.com,https://infopark.in/companies-profile/emergio-technologies-pvt-ltd,High,No,0,,,Completed - No Public Email,2,
Empay Software Solutions Private Limited,www.empaysoft.com,https://infopark.in/companies-profile/empay-software-solutions-private-limited,Medium,Yes,1,hr@empaysoft.com,HR,Completed - Email Found,1,
Empress InfoTech,empressinfotech.com,https://infopark.in/companies-profile/empress-infotech,Medium,Yes,1,hr@empressinfotech.com,HR,Completed - Email Found,3,
Emsyne Technologies Private Limited,www.emsyne.com,https://infopark.in/companies-profile/emsyne-technologies-private-limited,Medium,Yes,1,jobs@emsyne.com,Careers,Completed - Email Found,2,"Could not access https://www.emsyne.com/: SSLError: HTTPSConnectionPool(host='www.emsyne.com', port=443): Max retries exceeded with url: / (Caused by SSLError(SSLCertVerificationError(1, '[SSL: CERTIFICATE_VERIFY_FAILED] certificate verify failed: unable to get local issuer certificate (_ssl.c:1006)')))"
Endeion Engineering Services Pvt.Ltd.,www.endeion.com,https://infopark.in/companies-profile/endeion-engineering-services-pvt-ltd,Medium,Yes,1,info@endeion.com,General,Completed - Email Found,2,Could not access https://www.endeion.com/: HTTP 403
EnergyScape Renewables LLP,www.energyscaperenewables.com,https://infopark.in/companies-profile/energyscape-renewables-llp,Medium,Yes,1,sales@energyscaperenewables.com,Other,Completed - Email Found,2,
EPI-USE India Pvt.Ltd.,www.epiuse.com,https://infopark.in/companies-profile/epi-use-india-pvt-ltd,Medium,Yes,1,info@epiuse.com,General,Completed - Email Found,2,
Epixel Solutions Pvt Ltd,www.epixelsolutions.com,https://infopark.in/companies-profile/epixel-solutions-pvt-ltd,Medium,Yes,1,info@epixelsolutions.com,General,Completed - Email Found,3,
Eqsoft Business Solutions Pvt Ltd,eqsoftonline.com,https://infopark.in/companies-profile/eqsoft-business-solutions-pvt-ltd,High,Yes,5,info@almanaltech.com,General,Completed - Email Found,1,
Estro Tech Robotics and Innovations Pvt Ltd,www.estrotech.in,https://infopark.in/companies-profile/estro-tech-robotics-and-innovations-pvt-ltd,High,Yes,1,contact@estrotech.in,General,Completed - Email Found,2,
EXACORE IT SOLUTIONS PRIVATE LIMITED,www.exacoreitsolutions.com,https://infopark.in/companies-profile/exacore-it-solutions-private-limited,Medium,Yes,2,career@exacoreitsolutions.com,Careers,Completed - Email Found,2,
Exor India Pvt Ltd.,https://www.exorint.com,https://infopark.in/companies-profile/exor-india-pvt-ltd,Medium,Yes,1,info@exorint.com,General,Completed - Email Found,2,
Expeed Software Private Limited,expeed.com,https://infopark.in/companies-profile/expeed-software-private-limited,Medium,Yes,1,info@expeed.com,General,Completed - Email Found,2,
Experion Technologies,www.experionglobal.com,https://infopark.in/companies-profile/experion-technologies,Medium,Yes,1,careers@experionglobal.com,Careers,Completed - Email Found,3,
Exponential Digital Solutions Pvt.Ltd.,www.10xds.com,https://infopark.in/companies-profile/exponential-digital-solutions-pvt-ltd,Medium,No,0,,,Completed - No Public Email,3,
Extravelmoney Technosol Private Limited,www.extravelmoney.com,https://infopark.in/companies-profile/extravelmoney-technosol-private-limited,Medium,No,0,,,Completed - No Public Email,3,
Facade Global Pvt. Ltd.,www.facadeglobal.in,https://infopark.in/companies-profile/facade-global-pvt-ltd,Medium,Yes,1,info@facadeglobal.com,General,Completed - Email Found,2,
FDC Web Technologies Pvt Ltd,https://financialcom.jobs.personio.de/,https://infopark.in/companies-profile/fdc-web-technologies-pvt-ltd,Medium,No,0,,,Completed - No Public Email,2,
Feathersoft Info Solutions Private Ltd,www.feathersoft.com,https://infopark.in/companies-profile/feathersoft-info-solutions-private-ltd,Medium,No,0,,,Completed - No Public Email,3,
Federal Operations and Services Ltd (FedServ),fedserv.co.in,https://infopark.in/companies-profile/federal-operations-and-services-ltd-fedserv-1,High,Yes,1,jobs@fedserv.co.in,Careers,Completed - Email Found,2,
Fine Destination,www.finedestination.co.in,https://infopark.in/companies-profile/fine-destination,High,Yes,1,career@finedestination.co.in,Careers,Completed - Email Found,3,
Fingent Global Solutions,www.fingent.com,https://infopark.in/companies-profile/fingent-global-solutions,Medium,Yes,1,careers@fingent.com,Careers,Completed - Email Found,3,
FIRMINIQ SYSTEMS,www.firminiq.com,https://infopark.in/companies-profile/firminiq-systems,Medium,Yes,1,hr@firminiq.com,HR,Completed - Email Found,2,Could not access https://www.firminiq.com/: HTTP 403
Flycatch Infotech Pvt. Ltd.,www.flycatchtech.com,https://infopark.in/companies-profile/flycatch-infotech-pvt-ltd,High,No,0,,,Completed - No Public Email,3,
Focaloid Technologies Private Limited,www.focaloid.com,https://infopark.in/companies-profile/focaloid-technologies-private-limited,Medium,Yes,1,careers@focaloid.com,Careers,Completed - Email Found,3,
Founding Minds software Pvt.Ltd,www.foundingminds.com,https://infopark.in/companies-profile/founding-minds-software-pvt-ltd,Medium,Yes,2,info@avantage.co.uk,General,Completed - Email Found,2,
Fragomen Immigration Services India Private Limited,www.fragomen.com,https://infopark.in/companies-profile/fragomen-immigration-services-india-private-limited,Medium,No,0,,,Completed - No Public Email,3,
G10X INDIA PRIVATE LIMITED,www.g10x.com,https://infopark.in/companies-profile/g10x-india-private-limited,Medium,Yes,1,contact@g10x.com,General,Completed - Email Found,3,
Galactico Express Solutions Pvt. Ltd.,www.gecs.me,https://infopark.in/companies-profile/galactico-express-solutions-pvt-ltd,Medium,Yes,2,admin@gecs.me,General,Completed - Email Found,1,
GALTech Technologies Pvt Ltd,www.galtech.org,https://infopark.in/companies-profile/galtech-technologies-pvt-ltd,Medium,Yes,2,info@galtech.uk,General,Completed - Email Found,2,
Gapblue Software Labs Pvt Ltd,www.gapblue.com/about,https://infopark.in/companies-profile/gapblue-software-labs-pvt-ltd,Medium,No,0,,,Completed - No Public Email,2,
GEOJIT TECHNOLOGIES PVT LTD,geojit.tech,https://infopark.in/companies-profile/geojit-technologies-pvt-ltd,Medium,Yes,2,hr@geojittechnologies.com,HR,Completed - Email Found,2,"Could not access https://geojit.tech/careers: ConnectTimeout: HTTPConnectionPool(host='geojit.tech', port=80): Max retries exceeded with url: /careers/ (Caused by ConnectTimeoutError(<HTTPConnection(host='geojit.tech', port=80) at 0x18e54eafa90>, 'Connection to geojit.tech timed out. (connect timeout=10)'))"
Gewan Info Tech Solutions India Pvt Ltd.,www.gewaninfotech.com,https://infopark.in/companies-profile/gewan-info-tech-solutions-india-pvt-ltd,Medium,Yes,1,info@gewaninfotech.com,General,Completed - Email Found,2,
GIS AXIOM Pvt. Ltd.,www.gisaxiom.com,https://infopark.in/companies-profile/gis-axiom-pvt-ltd,Medium,Yes,1,sales@gisaxiom.com,Other,Completed - Email Found,2,
Gizmeon Technologies Private Limited,www.gizmeon.com,https://infopark.in/companies-profile/gizmeon-technologies-private-limited,High,No,0,,,Completed - No Public Email,3,
Glitz IT Solutions,https://glitzitsolutions.com,https://infopark.in/companies-profile/glitz-it-solutions,High,Yes,1,info@glitzitsolutions.com,General,Completed - Email Found,2,
Global Infonet Inc,www.global-infonet.com,https://infopark.in/companies-profile/global-infonet-inc,Medium,Yes,1,info@global-infonet.com,General,Completed - Email Found,2,
Global Surf IT Pvt Ltd,https://www.globalsurf.ae/ & https://www.gs-it.ae/,https://infopark.in/companies-profile/global-surf-it-pvt-ltd,High,Yes,1,careers@globalsurf.ae,Careers,Completed - Email Found,2,Could not access https://www.globalsurf.ae/ & https://www.gs-it.ae/: HTTP 404
GRAMPRO BUSINESS SERVICES PVT. LTD,www.gramproindia.com,https://infopark.in/companies-profile/grampro-business-services-pvt-ltd,Medium,No,0,,,Completed - No Public Email,3,
Grapelime Innovations Private Limited.,www.grapelime.in,https://infopark.in/companies-profile/grapelime-innovations-private-limited,Medium,Yes,1,hr@grapelime.in,HR,Completed - Email Found,3,
Gravity Business Process Private Limited,gravity-bp.com,https://infopark.in/companies-profile/gravity-business-process-private-limited,Medium,Yes,2,careers@gravity-bp.com,Careers,Completed - Email Found,2,
Greenworld International Enterprise Private Limited,www.greenworldin.in,https://infopark.in/companies-profile/greenworld-international-enterprise-private-limited,Medium,Yes,1,hr@greenworldin.com,HR,Completed - Email Found,2,
Grehasoft,grehasoft.com,https://infopark.in/companies-profile/grehasoft,Medium,Yes,1,info@grehasoft.com,General,Completed - Email Found,2,
Griphin Graphics,griphingraphics.com,https://infopark.in/companies-profile/griphin-graphics,Medium,No,0,,,Completed - No Public Email,3,
HashRoot Technologies Pvt Ltd,www.hashroot.com,https://infopark.in/companies-profile/hashroot-technologies-pvt-ltd,Medium,Yes,1,enquiry@hashroot.com,General,Completed - Email Found,2,
Hatio Innovations Private Limited,hatio.in,https://infopark.in/companies-profile/hatio-innovations-private-limited,Medium,No,0,,,Completed - No Public Email,3,
Heidelsoft Technologies Private Limited,www.heidelsoft.com,https://infopark.in/companies-profile/heidelsoft-technologies-private-limited,Medium,Yes,2,careers@heidelsoft.de,Careers,Completed - Email Found,1,
HH Back Office Services Pvt Ltd,www.hhbos.com,https://infopark.in/companies-profile/hh-back-office-services-pvt-ltd,Medium,Yes,1,admin@hhbos.com,General,Completed - Email Found,2,
Hotpack Global,www.hotpackglobal.com,https://infopark.in/companies-profile/hotpack-global,Medium,Yes,1,contact@hotpackglobal.com,General,Completed - Email Found,2,
HTIC Global,www.hticglobal.com,https://infopark.in/companies-profile/htic-global,Medium,Yes,1,hr@hticglobal.com,HR,Completed - Email Found,3,
Hubbell Burndy India,,https://infopark.in/companies-profile/hubbell-burndy-india,Medium,No,0,,,Completed - No Public Email,1,No usable website URL in frozen target data.
IBS Software,www.ibsplc.com,https://infopark.in/companies-profile/ibs-software,Medium,No,0,,,Completed - No Public Email,2,Could not access https://www.ibsplc.com/: HTTP 403 At least one permitted public source was unavailable; no eligible public business email was found on accessible sources.
iCodeBees Private Limited,www.icodebees.com,https://infopark.in/companies-profile/icodebees-private-limited,High,Yes,1,info@icodebees.com,General,Completed - Email Found,3,
iDatalytics Pvt. Ltd.,www.idatalytics.com,https://infopark.in/companies-profile/idatalytics-pvt-ltd,Medium,Yes,2,careers@idatalytics.com,Careers,Completed - Email Found,2,
Idea Soft Solutions,ideasoftsolutions.com,https://infopark.in/companies-profile/idea-soft-solutions,High,Yes,1,contact@ideasoftsolutions.com,General,Completed - Email Found,2,
IdeaGCS Private Limited,ideagcs.com,https://infopark.in/companies-profile/ideagcs-private-limited,Medium,Yes,1,hello@ideagcs.com,General,Completed - Email Found,2,
IdealMG Educare LLP,mgtuition.com,https://infopark.in/companies-profile/idealmg-educare-llp,Medium,Yes,1,info@mgtuition.com,General,Completed - Email Found,2,
iLeaf Solutions Pvt Ltd.,www.ileafsolutions.com,https://infopark.in/companies-profile/ileaf-solutions-pvt-ltd,Medium,Yes,1,careers@ileafsolutions.com,Careers,Completed - Email Found,2,
Impaqtive Technologies India Pvt Ltd,www.impaqtive.com,https://infopark.in/companies-profile/impaqtive-technologies-india-pvt-ltd,Medium,Yes,1,careers@impaqtive.com,Careers,Completed - Email Found,2,
In-Tech Group India Private Limited,www.in-tech.com,https://infopark.in/companies-profile/in-tech-group-india-private-limited,Medium,No,0,,,Completed - No Public Email,3,
InApp Information Technologies India Pvt Ltd,www.inapp.com,https://infopark.in/companies-profile/inapp-information-technologies-india-pvt-ltd,Medium,Yes,1,hr@inapp.com,HR,Completed - Email Found,3,
Incede Technologies Pvt Ltd,www.incedetech.ai,https://infopark.in/companies-profile/incede-technologies-pvt-ltd,Medium,Yes,1,info@incedetech.ai,General,Completed - Email Found,2,
Indian Institute of Management - Kozhikode,www.iimk.ac.in,https://infopark.in/companies-profile/indian-institute-of-management-kozhikode,Medium,No,0,,,Completed - No Public Email,3,
IndustryApps Technologies Pvt Ltd,www.industryapps.net,https://infopark.in/companies-profile/industryapps-technologies-pvt-ltd,Medium,Yes,1,contact@industryapps.net,General,Completed - Email Found,2,
InerG Software Innovations Pvt.Ltd.,www.inerg.com,https://infopark.in/companies-profile/inerg-software-innovations-pvt-ltd,Medium,Yes,2,hr@inerg.com,HR,Completed - Email Found,2,
Infintor Solutions LLP,www.infintor.com,https://infopark.in/companies-profile/infintor-solutions-llp,Medium,Yes,1,info@infintor.com,General,Completed - Email Found,2,
INFOCYLANZ PVT. LTD.,www.infocylanz.com,https://infopark.in/companies-profile/infocylanz-pvt-ltd,Medium,Yes,3,careers@infocylanz.com,Careers,Completed - Email Found,2,
Infosmart Technologies Private Limited,www.infosmart-technologies.com,https://infopark.in/companies-profile/infosmart-technologies-private-limited,Medium,No,0,,,Completed - No Public Email,2,
Innovature Software Labs (P) Ltd,innovature.ai,https://infopark.in/companies-profile/innovature-software-labs-p-ltd,Medium,Yes,1,sales@innovature.ai,Other,Completed - Email Found,2,
Inntot Technologies Private Limited,www.inntot.com,https://infopark.in/companies-profile/inntot-technologies-private-limited,Medium,Yes,1,info@inntot.com,General,Completed - Email Found,2,
Inspired Software Development (India) LLP,www.inseinc.com,https://infopark.in/companies-profile/inspired-software-development-india-llp,Medium,No,0,,,Completed - No Public Email,3,
Inspirisys Solutions Limited,www.inspirisys.com,https://infopark.in/companies-profile/inspirisys-solutions-limited,Medium,No,0,,,Completed - No Public Email,3,
Inspite Technologies Pvt.Ltd,www.inspitetech.com,https://infopark.in/companies-profile/inspite-technologies-pvt-ltd,Medium,Yes,2,hr@inspitetech.com,HR,Completed - Email Found,2,Could not access https://inspitetech.com/career/: HTTP 404
Intbrains Private Limited,www.intbrains.com,https://infopark.in/companies-profile/intbrains-private-limited,Medium,Yes,1,info@intbrains.com,General,Completed - Email Found,2,
Internland Technology Services Private Limited,www.interlandtech.com,https://infopark.in/companies-profile/internland-technology-services-private-limited,Medium,Yes,1,hr@interlandtech.com,HR,Completed - Email Found,2,
IVBM Pvt Ltd,www.ivbmcs.com,https://infopark.in/companies-profile/ivbm-pvt-ltd,High,No,0,,,Completed - No Public Email,3,
iWEX Infomatics,iwex.in,https://infopark.in/companies-profile/iwex-infomatics,High,No,0,,,Completed - No Public Email,3,
Jachoos Technologies Private Limited,www.jachoos.com,https://infopark.in/companies-profile/jachoos-technologies-private-limited,Medium,Yes,4,career@jachoos.com,Careers,Completed - Email Found,2,
JK Lucent Pvt Ltd,www.jklucent.com.au,https://infopark.in/companies-profile/jk-lucent-pvt-ltd,Medium,Yes,1,careers@jklucent.com.au,Careers,Completed - Email Found,2,Could not access https://www.jklucent.com.au/: HTTP 403
Jobin & Jismi Pvt. Ltd.,www.jobinandjismi.com,https://infopark.in/companies-profile/jobin-jismi-pvt-ltd,Medium,Yes,1,hr@jobinandjismi.com,HR,Completed - Email Found,2,
Johnkart Online Trade and Services Pvt Ltd,jotsdigital.com,https://infopark.in/companies-profile/johnkart-online-trade-and-services-pvt-ltd,Medium,Yes,1,admin@johnkart.com,General,Completed - Email Found,2,
JohnTuringWatson Software Solutions Pvt Ltd,johnturingwatson.ai,https://infopark.in/companies-profile/johnturingwatson-software-solutions-pvt-ltd,High,No,0,,,Completed - No Public Email,3,
JTSi Technologies India Private Limited,www.jtsiindia.com,https://infopark.in/companies-profile/jtsi-technologies-india-private-limited,Medium,Yes,2,info@jtsiindia.com,General,Completed - Email Found,2,
Kakapo Systems India Private Limited,www.kakaposystems.com/contact-us,https://infopark.in/companies-profile/kakapo-systems-india-private-limited,Medium,No,0,,,Completed - No Public Email,3,
Katzion Technology Solutions LLP,www.katzion.com,https://infopark.in/companies-profile/katzion-technology-solutions-llp,Medium,Yes,1,hr@katzion.com,HR,Completed - Email Found,3,
KL Koncepts Lab Media and IT Park,www.konceptslab.com,https://infopark.in/companies-profile/kl-koncepts-lab-media-and-it-park,Medium,Yes,2,hr@konceptslab.com,HR,Completed - Email Found,2,
KnowBe4 India Private Limited,www.knowbe4.com,https://infopark.in/companies-profile/knowbe4-india-private-limited,Medium,Yes,1,info@knowbe4.com,General,Completed - Email Found,3,
KOTT SOFTWARE PRIVATE LIMITED,https://www.kottsoftware.com,https://infopark.in/companies-profile/kott-software-private-limited,Medium,Yes,1,info@kottsoftware.com,General,Completed - Email Found,3,
Krythium Solutions Private Limited,www.krythium.com,https://infopark.in/companies-profile/krythium-solutions-private-limited,Medium,Yes,1,info@krythium.com,General,Completed - Email Found,2,
Lanware Solutions,www.lanwaresolutions.com,https://infopark.in/companies-profile/lanware-solutions,Medium,Yes,2,hr@lanwaresolutions.com,HR,Completed - Email Found,3,
Linnk Outsource Solutions India Pvt Ltd,www.linnk.com,https://infopark.in/companies-profile/linnk-outsource-solutions-india-pvt-ltd,High,No,0,,,Completed - No Public Email,3,
LINXAS IT CONSULTING PRIVATE LIMITED,www.linxas.com,https://infopark.in/companies-profile/linxas-it-consulting-private-limited,Medium,Yes,1,info@linxas.com,General,Completed - Email Found,2,Could not access https://linxas.com/careers/: HTTP 403
Lisbell Technologies Pvt Ltd,Lisbell.com,https://infopark.in/companies-profile/lisbell-technologies-pvt-ltd,High,Yes,1,info@lisbell.com,General,Completed - Email Found,3,
LucidPlus Infotech Pvt Ltd,www.lucidplus.com,https://infopark.in/companies-profile/lucidplus,Medium,Yes,1,career@lucidplus.com,Careers,Completed - Email Found,3,
Luure.ai LLP,www.luure.ai,https://infopark.in/companies-profile/luure-ai-llp,Medium,Yes,1,info@luure.ai,General,Completed - Email Found,2,
Mantle Solutions Private Limited,https://mantlesolutions.in,https://infopark.in/companies-profile/mantle-solutions-private-limited,Medium,Yes,1,careers@mantlesolutions.in,Careers,Completed - Email Found,3,
Mantra IT Solutions,https://mantraitsolutions.in/,https://infopark.in/companies-profile/mantra-it-solutions,Medium,Yes,1,info@mantraitsolutions.in,General,Completed - Email Found,2,
MapleTech Space Pvt Ltd,mapletechspace.com,https://infopark.in/companies-profile/mapletech-space-pvt-ltd,Medium,Yes,1,info@mapletechspace.com,General,Completed - Email Found,3,
MarketBytes WebWorks Private Limited,www.marketbytes.in,https://infopark.in/companies-profile/marketbytes-webworks-private-limited,Medium,Yes,1,info@marketbytes.in,General,Completed - Email Found,2,
MARLABS SOFTWARE,www.marlabs.com,https://infopark.in/companies-profile/marlabs-software,Medium,Yes,1,contact@marlabs.com,General,Completed - Email Found,2,
Mashuptech,mashuptech.in,https://infopark.in/companies-profile/mashuptech,High,Yes,1,info@mashuptech.in,General,Completed - Email Found,2,
Maxxion Systems Private Limited,www.maxxion.com,https://infopark.in/companies-profile/maxxion-systems-private-limited,Medium,No,0,,,Completed - No Public Email,3,
McFadyen Digital,www.mcfadyen.com,https://infopark.in/companies-profile/mcfadyen-digital,Medium,Yes,1,info@mcfadyen.com,General,Completed - Email Found,2,
Media Systems India,www.msisoft.in,https://infopark.in/companies-profile/media-systems-india,Medium,No,0,,,Completed - No Public Email,2,"Could not access https://www.msisoft.in/: ConnectionError: HTTPSConnectionPool(host='www.msisoft.in', port=443): Max retries exceeded with url: / (Caused by NameResolutionError(""HTTPSConnection(host='www.msisoft.in', port=443): Failed to resolve 'www.msisoft.in' ([Errno 11002] getaddrinfo failed)"")) At least one permitted public source was unavailable; no eligible public business email was found on accessible sources."
Merabt Technologies Private Limited,www.merabt.com,https://infopark.in/companies-profile/merabt-technologies-private-limited,High,Yes,1,hr@merabt.com,HR,Completed - Email Found,3,
MERP Systems Private Limited,www.merpsystems.com,https://infopark.in/companies-profile/merp-systems-private-limited,Medium,Yes,1,info@merpsystems.com,General,Completed - Email Found,2,
Metclouds Technologies Pvt Ltd,metclouds.com,https://infopark.in/companies-profile/metclouds-technologies-pvt-ltd,High,Yes,1,info@metclouds.com,General,Completed - Email Found,2,
Milestone Technologies,milestone.tech,https://infopark.in/companies-profile/milestone-technologies,Medium,No,0,,,Completed - No Public Email,3,
Millennium InfoLogic,www.millinfo.net,https://infopark.in/companies-profile/millennium-infologic,Medium,Yes,1,hr@millinfo.net,HR,Completed - Email Found,3,
Mindcurv Technology Solutions Pvt. Ltd.,www.mindcurv.com,https://infopark.in/companies-profile/mindcurv-technology-solutions-pvt-ltd,Medium,Yes,1,hr@mindcurv.com,HR,Completed - Email Found,2,
MindLabs Consultancy Services LLP,www.mindlabssolutions.com,https://infopark.in/companies-profile/mindlabs-consultancy-services-llp,Medium,Yes,2,careers@mindlabssolutions.com,Careers,Completed - Email Found,2,
MindLabs Systems Pvt Ltd,mindlabssys.com,https://infopark.in/companies-profile/mindlabs-systems-pvt-ltd,High,No,0,,,Completed - No Public Email,3,
Mitsogo,www.mitsogo.com,https://infopark.in/companies-profile/mitsogo,Medium,Yes,2,careers@mitsogo.com,Careers,Completed - Email Found,3,
mitz AI Minds Pvt Ltd,www.mitz.ai,https://infopark.in/companies-profile/mitz-ai-minds-pvt-ltd,Medium,No,0,,,Completed - No Public Email,2,
Mozilor Technologies Pvt. Ltd.,www.mozilor.com,https://infopark.in/companies-profile/mozilor-technologies-pvt-ltd,Medium,Yes,1,careers@mozilor.com,Careers,Completed - Email Found,3,
NAS Infosolutions Pvt Ltd,www.nasinfosolutions.com,https://infopark.in/companies-profile/nas-infosolutions-pvt-ltd,Medium,Yes,1,operations@nasinfosolutions.com,Business Contact,Completed - Email Found,2,Could not access https://www.nasinfosolutions.com/: HTTP 403
Navicater Solutions India Pvt Ltd,www.navicater.com,https://infopark.in/companies-profile/navicater-solutions-india-pvt-ltd,Medium,Yes,1,admin@navicater.com,General,Completed - Email Found,3,
NDimensionZ Solutions Pvt.Ltd.,www.ndimensionz.com,https://infopark.in/companies-profile/ndimensionz-solutions-pvt-ltd,Medium,Yes,2,info@techmindz.com,General,Completed - Email Found,2,
Neem Info Solutions Pvt. Ltd.,www.neemsoftware.com,https://infopark.in/companies-profile/neem-info-solutions-pvt-ltd,Medium,Yes,1,admin@neemsoftware.com,General,Completed - Email Found,2,"Could not access https://www.neemsoftware.com/: SSLError: HTTPSConnectionPool(host='www.neemsoftware.com', port=443): Max retries exceeded with url: / (Caused by SSLError(SSLCertVerificationError(1, '[SSL: CERTIFICATE_VERIFY_FAILED] certificate verify failed: self-signed certificate (_ssl.c:1006)')))"
Neork Technologies,www.neork.com,https://infopark.in/companies-profile/neork-technologies,High,Yes,2,hr@neork.com,HR,Completed - Email Found,2,
Nesa Software Pvt Ltd,www.nesasoftware.com,https://infopark.in/companies-profile/nesa-software-pvt-ltd,High,Yes,2,info@nesasoftware.com,General,Completed - Email Found,2,
Nesote Technologies Pvt Ltd,www.nesote.com,https://infopark.in/companies-profile/nesote-technologies-pvt-ltd,Medium,Yes,1,hr@nesote.com,HR,Completed - Email Found,3,
Nestsoft TechnoMaster PVT LTD,www.nestsoft.com,https://infopark.in/companies-profile/nestsoft-technomaster-pvt-ltd,Medium,No,0,,,Completed - No Public Email,3,
Netlyft Technologies Pvt Ltd,www.netlyft.com,https://infopark.in/companies-profile/netlyft-technologies-pvt-ltd,High,Yes,1,contact@netlyft.com,General,Completed - Email Found,3,
Netsentries Infosec Solutions Pvt.Ltd.,www.netsentries.com,https://infopark.in/companies-profile/netsentries-infosec-solutions-pvt-ltd,Medium,Yes,1,info@netsentries.com,General,Completed - Email Found,2,
NewAgeSys Solutions (P) Ltd.,www.newagesysindia.com,https://infopark.in/companies-profile/newagesys-solutions-p-ltd,High,Yes,1,career@newagesysindia.com,Careers,Completed - Email Found,2,
Next Apps,www.nextapps.in,https://infopark.in/companies-profile/next-apps,Medium,Yes,1,hello@nextapps.in,General,Completed - Email Found,1,
Niaway Technologies Pvt Ltd,www.niaway.com,https://infopark.in/companies-profile/niaway-technologies-pvt-ltd,Medium,Yes,1,info@niaway.com,General,Completed - Email Found,3,
Niche Techies,www.nichetechies.com,https://infopark.in/companies-profile/niche-techies,High,Yes,1,hr@nichetechies.com,HR,Completed - Email Found,1,
Noa Infosolutions LLP,www.noainfosolutions.com,https://infopark.in/companies-profile/noa-infosolutions-llp,Medium,Yes,1,hr@noainfosolutions.com,HR,Completed - Email Found,2,"Could not access https://www.noainfosolutions.com/: ConnectTimeout: HTTPSConnectionPool(host='www.noainfosolutions.com', port=443): Max retries exceeded with url: / (Caused by ConnectTimeoutError(<HTTPSConnection(host='www.noainfosolutions.com', port=443) at 0x18e55009fd0>, 'Connection to www.noainfosolutions.com timed out. (connect timeout=10)'))"
NOMD Technologies,www.nomdindia.com,https://infopark.in/companies-profile/nomd-technologies,Medium,Yes,1,info@nomdindia.com,General,Completed - Email Found,2,"Could not access https://www.nomdindia.com/: ConnectionError: HTTPSConnectionPool(host='www.nomdindia.com', port=443): Max retries exceeded with url: / (Caused by NameResolutionError(""HTTPSConnection(host='www.nomdindia.com', port=443): Failed to resolve 'www.nomdindia.com' ([Errno 11001] getaddrinfo failed)""))"
Nuvento Systems Private Limited,www.nuvento.com,https://infopark.in/companies-profile/nuvento-systems-private-limited,Medium,No,0,,,Completed - No Public Email,3,
Nymbl,www.benymbl.co,https://infopark.in/companies-profile/nymbl,Medium,Yes,1,support@benymbl.co,Other,Completed - Email Found,2,
Obidos Technologies (P) Ltd,www.obidostech.com,https://infopark.in/companies-profile/obidos-technologies-p-ltd,Medium,Yes,1,info@obidostech.com,General,Completed - Email Found,2,
Obvious AI Technology Pvt Ltd,www.obvs.ai,https://infopark.in/companies-profile/obvious-ai-technology-pvt-ltd,Medium,Yes,1,hello@obvs.ai,General,Completed - Email Found,2,
Offline Human Studios,www.offlinehumanstudios.com,https://infopark.in/companies-profile/offline-human-studios,High,Yes,1,contact@offlinehumanstudios.com,General,Completed - Email Found,2,
Onesoft Technologies LLP,www.onesoftapps.com,https://infopark.in/companies-profile/onesoft-technologies-llp,Medium,Yes,1,admin@onesoftapps.com,General,Completed - Email Found,2,Could not access https://www.onesoftapps.com/: HTTP 503 server error
Opshore Talent Solutions Pvt.Ltd.,www.opshoretalentsolutions.com,https://infopark.in/companies-profile/opshore-talent-solutions-pvt-ltd,Medium,Yes,1,hr@opshoretalentsolutions.com,HR,Completed - Email Found,2,Could not access https://www.opshoretalentsolutions.com/: HTTP 403
Orestes Technologies Pvt Ltd,www.orestestech.com,https://infopark.in/companies-profile/orestes-technologies-pvt-ltd,Medium,Yes,1,info@orestestech.com,General,Completed - Email Found,3,
Origent Technologies,https://www.origent.in,https://infopark.in/companies-profile/origent-technologies,High,Yes,1,careers@origent.in,Careers,Completed - Email Found,3,
Orion India Systems Pvt. Ltd.,www.orioninc.com,https://infopark.in/companies-profile/orion-india-systems-pvt-ltd,Medium,No,0,,,Completed - No Public Email,2,
Ormeon IT Consulting Pvt Ltd,ormeon.com,https://infopark.in/companies-profile/ormeon-it-consulting-pvt-ltd,Medium,Yes,2,info@ormeon.com,General,Completed - Email Found,2,
ORTHOFX PRIVATE LIMITED,www.orthofx.com,https://infopark.in/companies-profile/orthofx-private-limited,Medium,Yes,1,support@care.orthofx.com,Other,Completed - Email Found,2,
Outsource Partners International,www.opiglobal.com,https://infopark.in/companies-profile/outsource-partners-international,Medium,Yes,1,info@opiglobal.com,General,Completed - Email Found,2,"Could not access https://www.opiglobal.com/: SSLError: HTTPSConnectionPool(host='www.opiglobal.com', port=443): Max retries exceeded with url: / (Caused by SSLError(SSLError(1, '[SSL: TLSV1_UNRECOGNIZED_NAME] tlsv1 unrecognized name (_ssl.c:1006)')))"
Overbrook Technology Services (P) Ltd,www.ots.work,https://infopark.in/companies-profile/overbrook-technology-services-p-ltd,Medium,Yes,1,info@ots.work,General,Completed - Email Found,3,
Pagematics India Pvt. Ltd.,https://www.pagematics.com,https://infopark.in/companies-profile/pagematics-india-pvt-ltd,Medium,Yes,1,contact@pagematics.com,General,Completed - Email Found,2,
PanashiFZCO Technology Solution Private Limited,panashi.ae,https://infopark.in/companies-profile/panashifzco-technology-solution-private-limited,High,Yes,1,info@panashi.ae,General,Completed - Email Found,2,
Paoyaila Animation Studios LLP,www.paoyaila.com,https://infopark.in/companies-profile/paoyaila-animation-studios-llp,Medium,No,0,,,Completed - No Public Email,2,
PaulCart E Commerce Pvt. Ltd.,www.wibserp.com,https://infopark.in/companies-profile/paulcart-e-commerce-pvt-ltd,Medium,No,0,,,Completed - No Public Email,2,"Could not access https://www.wibserp.com/: ConnectTimeout: HTTPSConnectionPool(host='www.wibserp.com', port=443): Max retries exceeded with url: / (Caused by ConnectTimeoutError(<HTTPSConnection(host='www.wibserp.com', port=443) at 0x18e5557ac50>, 'Connection to www.wibserp.com timed out. (connect timeout=10)')) At least one permitted public source was unavailable; no eligible public business email was found on accessible sources."
PCS India Private Limited,pcsindia.online,https://infopark.in/companies-profile/pcs-india-private-limited,High,Yes,1,contact@pcsindia.email,General,Completed - Email Found,2,
Pearlsoft Technologies LLP,pearlsofttechnologies.com,https://infopark.in/companies-profile/pearlsoft-technologies-llp,Medium,No,0,,,Completed - No Public Email,3,
Penguin Data Centre Pvt.Ltd.,www.penguininc.com,https://infopark.in/companies-profile/penguin-data-centre-pvt-ltd,Medium,Yes,1,sales@penguininc.com,Other,Completed - Email Found,2,
Phases India Technology Solutions Pvt Ltd.,www.phases.io,https://infopark.in/companies-profile/phases-india-technology-solutions-pvt-ltd,Medium,Yes,1,support@phases.io,Other,Completed - Email Found,2,
Pinetech IT Solutions P Ltd,www.pinetech.in,https://infopark.in/companies-profile/pinetech-it-solutions-p-ltd,Medium,Yes,2,hr@pinetech.in,HR,Completed - Email Found,2,
Pinmicro India Pvt.Ltd.,pinmicro.com,https://infopark.in/companies-profile/pinmicro-india-pvt-ltd,Medium,Yes,2,careers@pinmicro.com,Careers,Completed - Email Found,2,
PiServe Solutions Pvt Ltd,www.piserve.com,https://infopark.in/companies-profile/piserve-solutions-pvt-ltd,Medium,Yes,1,info@piserve.com,General,Completed - Email Found,3,
PIT Solutions Private Limited,www.pitsolutions.com/de-ch,https://infopark.in/companies-profile/pit-solutions-private-limited,Medium,Yes,1,contact@pitsolutions.com,General,Completed - Email Found,2,
Pixdynamics,www.pixdynamics.com,https://infopark.in/companies-profile/pixdynamics,Medium,Yes,1,hr@pixdynamics.com,HR,Completed - Email Found,3,
Planet Media India ( PMIN Agency Pvt.Ltd.),www.planetmedia.in,https://infopark.in/companies-profile/planet-media-india-pmin-agency-pvt-ltd,Medium,Yes,2,info@planetmedia.in,General,Completed - Email Found,2,
Portrave Solutions Pvt Ltd,www.portrave.com,https://infopark.in/companies-profile/portrave-solutions-pvt-ltd,Medium,Yes,1,info@portrave.com,General,Completed - Email Found,2,
Prevalent AI,prevalent.ai,https://infopark.in/companies-profile/prevalent-ai,Medium,Yes,1,hr@prevalent.ai,HR,Completed - Email Found,3,
PrimeCrown Technologies (P) Limited,www.primecrown.com,https://infopark.in/companies-profile/primecrown-technologies-p-limited,Medium,Yes,1,info@primecrown.com,General,Completed - Email Found,3,
Privo TechCorp Private Limited,privocorp.com,https://infopark.in/companies-profile/privo-techcorp-private-limited,Medium,Yes,1,hr@privocorp.com,HR,Completed - Email Found,3,
Pueblo Shades Pvt.Ltd,www.puebloshades.com,https://infopark.in/companies-profile/pueblo-shades-pvt-ltd,High,Yes,1,info@puebloshades.com,General,Completed - Email Found,2,
Pumex InfoTech Pvt Ltd,www.pumexinfotech.com,https://infopark.in/companies-profile/pumex-infotech-pvt-ltd,High,Yes,1,hr@pumexinfotech.com,HR,Completed - Email Found,3,
QBurst Technologies,www.qburst.com,https://infopark.in/companies-profile/qburst-technologies,Medium,Yes,1,hr@qburst.com,HR,Completed - Email Found,3,
QC Verify Private Limited,www.qcverify.com,https://infopark.in/companies-profile/qc-verify-private-limited,Medium,Yes,1,hr@qcverify.com,HR,Completed - Email Found,3,
Quantum Acumen (QuAnHack Solutions),www.quanhack.com,https://infopark.in/companies-profile/quantum-acumen-quanhack-solutions,High,Yes,1,careers@quantumacumen.com,Careers,Completed - Email Found,2,
Qubeslab Technologies Private Limited,qubeslab.com,https://infopark.in/companies-profile/qubeslab-technologies-private-limited,Medium,Yes,1,info@qubeslab.com,General,Completed - Email Found,2,
Qubiqon Consulting India Private Limited,www.qubiqon.io,https://infopark.in/companies-profile/qubiqon-consulting-india-private-limited,Medium,No,0,,,Completed - No Public Email,3,
Quest Global Engineering Services Pvt Ltd,www.quest-global.com,https://infopark.in/companies-profile/quest-global-engineering-services-pvt-ltd,Medium,Yes,1,info@quest-global.com,General,Completed - Email Found,2,
Quper Technologies Pvt. Ltd.,qupertech.com,https://infopark.in/companies-profile/quper-technologies-pvt-ltd,High,Yes,1,contact@qupertech.com,General,Completed - Email Found,2,
Raintech Software Ltd,raintechsoftware.com,https://infopark.in/companies-profile/raintech-software-ltd,High,Yes,1,info@raintechpos.com,General,Completed - Email Found,2,
Rainybits Technology Pvt Ltd,www.rainybits.com,https://infopark.in/companies-profile/rainybits-technology-pvt-ltd,Medium,Yes,1,info@rainybits.com,General,Completed - Email Found,2,
RedBlack Technologies Private Limited,www.redblacksoftware.com,https://infopark.in/companies-profile/redblack-technologies-private-limited,Medium,No,0,,,Completed - No Public Email,3,
Redux (Network Redux),www.redux.co,https://infopark.in/companies-profile/redux-network-redux,Medium,Yes,1,sales@redux.co,Other,Completed - Email Found,2,
Regent Global Services (India) Pvt.Ltd.,www.rgsin.com,https://infopark.in/companies-profile/regent-global-services-india-pvt-ltd,Medium,Yes,1,hello@rgsin.com,General,Completed - Email Found,3,
Retyn Business Solution Pvt. Ltd.,www.retyn.ai,https://infopark.in/companies-profile/retyn-business-solution-pvt-ltd,Medium,Yes,1,info@retyn.ai,General,Completed - Email Found,3,
REXAV LLP,www.rexavllp.com,https://infopark.in/companies-profile/rexav-llp,Medium,Yes,1,hello@rexavtech.com,General,Completed - Email Found,1,
Rextech Studios,www.rextechstudios.com,https://infopark.in/companies-profile/rextech-studios,High,Yes,1,info@rextechstudios.com,General,Completed - Email Found,2,
RIOD LOGIC PRIVATE LIMITED,www.riod.in,https://infopark.in/companies-profile/riod-logic-private-limited,High,No,0,,,Completed - No Public Email,2,
ROGERSOFT,rogersoft.com,https://infopark.in/companies-profile/rogersoft,Medium,Yes,1,contact@rogersoft.com,General,Completed - Email Found,2,
RUBY SEVEN STUDIOS,www.rubyseven.in,https://infopark.in/companies-profile/ruby-seven-studios,Medium,No,0,,,Completed - No Public Email,3,
SaNDS Lab,www.sandslab.com,https://infopark.in/companies-profile/sands-lab,Medium,Yes,1,hr@sandslab.com,HR,Completed - Email Found,2,
SayOne Technologies Pvt.Ltd.,www.sayonetech.com,https://infopark.in/companies-profile/sayone-technologies-pvt-ltd,Medium,Yes,2,careers@sayonetech.com,Careers,Completed - Email Found,2,
SBL Knowledge Services Pvt Ltd,www.sblcorp.com,https://infopark.in/companies-profile/sbl-knowledge-services-pvt-ltd,Medium,Yes,1,hr@sblcorp.com,HR,Completed - Email Found,3,
SE-Mentor Solutions,www.sementor.com,https://infopark.in/companies-profile/se-mentor-solutions,High,Yes,1,info@se-mentor.com,General,Completed - Email Found,2,
Seeroo IT Solutions,www.seeroo.com,https://infopark.in/companies-profile/seeroo-it-solutions,Medium,Yes,1,info@seeroo.com,General,Completed - Email Found,3,
Seguro Technologies,www.segurotechnologies.com,https://infopark.in/companies-profile/seguro-technologies,Medium,Yes,1,enquiries@segurotechnologies.com,General,Completed - Email Found,2,
SEIDOR Opentrends,www.opentrends.net,https://infopark.in/companies-profile/seidor-opentrends,Medium,Yes,1,careers@opentrends.net,Careers,Completed - Email Found,2,Could not access https://www.opentrends.net/: HTTP 403
Senscript Technologies Pvt Ltd,www.senscript.ai,https://infopark.in/companies-profile/senscript-technologies-pvt-ltd,Medium,Yes,1,careers@senscript.ai,Careers,Completed - Email Found,2,
Servsys Technology Services India Pvt Ltd,www.servsys.com,https://infopark.in/companies-profile/servsys-technology-services-india-pvt-ltd,High,No,0,,,Completed - No Public Email,2,
Silverbloom Technologies,www.silverbloom.com,https://infopark.in/companies-profile/silverbloom-technologies,Medium,Yes,1,info@silverbloom.com,General,Completed - Email Found,1,
Simelabs - An Astek Company,www.simelabs.com,https://infopark.in/companies-profile/simelabs-an-astek-company,Medium,Yes,1,hr@simelabs.com,HR,Completed - Email Found,3,
Skybertech IT Innovation Pvt Ltd,www.skybertech.com,https://infopark.in/companies-profile/skybertech-it-innovation-pvt-ltd,Medium,No,0,,,Completed - No Public Email,3,
SMEC Automation Pvt Ltd,www.smeclabs.com,https://infopark.in/companies-profile/smec-automation-pvt-ltd,Medium,No,0,,,Completed - No Public Email,3,
SnippetCommerce360 Pvt Ltd,snippetcommerce360.com,https://infopark.in/companies-profile/snippetcommerce360-pvt-ltd,High,No,0,,,Completed - No Public Email,2,
Sofdia Technologies Pvt Ltd,sofdia.in,https://infopark.in/companies-profile/sofdia-technologies-pvt-ltd,High,Yes,1,info@sofdia.in,General,Completed - Email Found,2,
Softop Solutions Pvt Ltd,www.softopsolutions.com,https://infopark.in/companies-profile/softop-solutions-pvt-ltd,Medium,Yes,2,careers@softopsolutions.com,Careers,Completed - Email Found,2,
Softspace Infotech Pvt Ltd,www.softspace.ae,https://infopark.in/companies-profile/softspace-infotech-pvt-ltd,Medium,Yes,1,info@softspace.ae,General,Completed - Email Found,2,
Soulxes Technologies Pvt Ltd,www.soulxes.com,https://infopark.in/companies-profile/soulxes-technologies-pvt-ltd,Medium,Yes,1,info@soulxes.com,General,Completed - Email Found,2,
SparkSupport Infotech Pvt Ltd,www.sparksupport.com,https://infopark.in/companies-profile/sparksupport-infotech-pvt-ltd,Medium,Yes,2,careers@sparksupport.com,Careers,Completed - Email Found,2,
Spawoz Technologies Pvt. Ltd.,www.spawoz.com,https://infopark.in/companies-profile/spawoz-technologies-pvt-ltd,High,Yes,1,support@spawoz.com,Other,Completed - Email Found,2,
Speridian Technologies Pvt Ltd,www.speridian.com,https://infopark.in/companies-profile/speridian-technologies-pvt-ltd,Medium,Yes,1,info@speridian.com,General,Completed - Email Found,2,
Spiderline Technologies,www.spiderline.in,https://infopark.in/companies-profile/spiderline-technologies,Medium,Yes,1,info@spiderline.in,General,Completed - Email Found,2,
Spiralcode Innovates LLP,www.spiralcode.in,https://infopark.in/companies-profile/spiralcode-innovates-llp,High,Yes,1,info@spiralcode.in,General,Completed - Email Found,2,
SS Consulting,www.ssconsult.in,https://infopark.in/companies-profile/ss-consulting,Medium,Yes,2,admin@ssconsult.in,General,Completed - Email Found,2,
Steigend IT Solutions,steigendit.com,https://infopark.in/companies-profile/steigend-it-solutions,Medium,Yes,1,info@steigendit.com,General,Completed - Email Found,2,Could not access https://steigendit.com/careers.html: HTTP 404
Stepping Stone Consultancy Services,www.steppingstoneconsultancy.com,https://infopark.in/companies-profile/stepping-stone-consultancy-services,Medium,Yes,1,jobs@steppingstoneconsultancy.com,Careers,Completed - Email Found,1,
Strands Energy Pvt. Ltd,www.strandsenergy.com,https://infopark.in/companies-profile/strands-energy-pvt-ltd,Medium,Yes,2,jobs@strandsenergy.com,Careers,Completed - Email Found,2,Could not access https://strandsenergy.com/strandsenergy/contact.php: HTTP 409
Stream Perfect Global Services (SPGS),www.stream-perfect.com,https://infopark.in/companies-profile/stream-perfect-global-services-spgs,Medium,Yes,1,info@stream-perfect.com,General,Completed - Email Found,2,"Could not access https://www.stream-perfect.com/: SSLError: HTTPSConnectionPool(host='www.stream-perfect.com', port=443): Max retries exceeded with url: / (Caused by SSLError(SSLCertVerificationError(1, '[SSL: CERTIFICATE_VERIFY_FAILED] certificate verify failed: unable to get local issuer certificate (_ssl.c:1006)')))"
SupportHub360,www.supporthub360.com.au,https://infopark.in/companies-profile/supporthub360,Medium,Yes,1,sales@supporthub360.com.au,Other,Completed - Email Found,2,
SurveySparrow Pvt Ltd,www.surveysparrow.com,https://infopark.in/companies-profile/surveysparrow-pvt-ltd,Medium,Yes,1,support@surveysparrow.com,Other,Completed - Email Found,2,
Syriac Consultancy Services Private Limited,https://www.syriacconsultancy.com/,https://infopark.in/companies-profile/syriac-consultancy-services-private-limited,Medium,Yes,1,info@syriacconsultancy.com,General,Completed - Email Found,2,
SysTalent Software Private Limited,www.systalent.com,https://infopark.in/companies-profile/systalent-software-private-limited,Medium,Yes,1,info@systalent.com,General,Completed - Email Found,3,
Talk Digital Pvt. Ltd.,www.talkdigital.com.au,https://infopark.in/companies-profile/talk-digital-pvt-ltd,Medium,Yes,1,hr@talkdigital.co.in,HR,Completed - Email Found,2,Could not access https://www.talkdigital.com.au/: HTTP 403
Tamcherry Technologies Private Limited,www.tamcherry.com,https://infopark.in/companies-profile/tamcherry-technologies-private-limited,Medium,Yes,1,info@tamcherry.com,General,Completed - Email Found,2,
"Tata Consultancy Services,",www.tcs.com,https://infopark.in/companies-profile/tata-consultancy-services,Medium,Yes,1,info@tcs.com,General,Completed - Email Found,2,Could not access https://www.tcs.com/: HTTP 403
TECFORZ INNOVATIONS,tecforz.com,https://infopark.in/companies-profile/tecforz-innovations,Medium,Yes,1,info@tecforz.com,General,Completed - Email Found,2,
Tech Aventure,www.techaventure.com,https://infopark.in/companies-profile/tech-aventure,Medium,Yes,1,info@techaventure.com,General,Completed - Email Found,2,
Techfriar Technologies,www.techfriar.com,https://infopark.in/companies-profile/techfriar-technologies,Medium,Yes,1,hr@techfriar.com,HR,Completed - Email Found,3,
Techgentsia Software Technologies Private Limited,,https://infopark.in/companies-profile/techgentsia-software-technologies-private-limited,Medium,No,0,,,Completed - No Public Email,1,No usable website URL in frozen target data.
TechNeurons Consulting Solutions Private Limited,www.techneurons.com,https://infopark.in/companies-profile/techneurons-consulting-solutions-private-limited,Medium,Yes,1,hello@techneurons.com,General,Completed - Email Found,2,
Technowave ID Systems PVT.LTD.,www.technowavegroup.com,https://infopark.in/companies-profile/technowave-id-systems-pvt-ltd,Medium,Yes,1,sales@technowavegroup.com,Other,Completed - Email Found,2,
Techpullers Technology Solutions Pvt Ltd.,techpullers.com,https://infopark.in/companies-profile/techpullers-technology-solutions-pvt-ltd,Medium,Yes,1,info@techpullers.com,General,Completed - Email Found,2,
TechTaliya Informatics Pvt. Ltd.,techtaliya.com,https://infopark.in/companies-profile/techtaliya-informatics-pvt-ltd,Medium,Yes,1,info@techtaliya.com,General,Completed - Email Found,2,
Techversant Infotech Pvt Ltd,www.techversantinfotech.com,https://infopark.in/companies-profile/techversant-infotech-pvt-ltd,Medium,Yes,1,careers@techversantinfotech.com,Careers,Completed - Email Found,3,
Techware Lab Pvt.Ltd.,www.techwarelab.com,https://infopark.in/companies-profile/techware-lab-pvt-ltd,Medium,Yes,1,careers@techwarelab.com,Careers,Completed - Email Found,3,
Tecnostac Systems Private Limited,www.tecnostac.com,https://infopark.in/companies-profile/tecnostac-systems-private-limited,Medium,Yes,1,hr@tecnostac.com,HR,Completed - Email Found,3,
Telious Technologies Pvt Ltd,www.telious.com,https://infopark.in/companies-profile/telious-technologies-pvt-ltd,Medium,Yes,2,jobs@telious.com,Careers,Completed - Email Found,2,
Terrific Minds Private Limited,www.terrificminds.com,https://infopark.in/companies-profile/terrific-minds-private-limited,Medium,Yes,2,careers@terrificminds.com,Careers,Completed - Email Found,2,
Testing Mavens Software Pvt Ltd,www.testingmavens.com,https://infopark.in/companies-profile/testing-mavens-software-pvt-ltd,Medium,Yes,1,contact@testingmavens.com,General,Completed - Email Found,2,
Thinkpalm Technologies Pvt.Ltd,www.thinkpalm.com,https://infopark.in/companies-profile/thinkpalm-technologies-pvt-ltd,Medium,Yes,1,info@thinkpalm.com,General,Completed - Email Found,3,
Thomsun Infocare LLP,www.thomsuninfocare.com,https://infopark.in/companies-profile/thomsun-infocare-llp,Medium,Yes,1,careers@thomsuninfocare.com,Careers,Completed - Email Found,2,
ThoughtMinds System Pvt Ltd,https://thoughtminds.ai/,https://infopark.in/companies-profile/thoughtminds-system-pvt-ltd,High,Yes,1,careers@thoughtminds.io,Careers,Completed - Email Found,3,
Thriveminds Technologies Pvt. Ltd.,www.thrivemindsinnovations.com,https://infopark.in/companies-profile/thriveminds-technologies-pvt-ltd,High,Yes,1,hr@thrivemindstechno.com,HR,Completed - Email Found,2,"Could not access https://www.thrivemindsinnovations.com/: ConnectionError: HTTPSConnectionPool(host='www.thrivemindsinnovations.com', port=443): Max retries exceeded with url: / (Caused by NameResolutionError(""HTTPSConnection(host='www.thrivemindsinnovations.com', port=443): Failed to resolve 'www.thrivemindsinnovations.com' ([Errno 11001] getaddrinfo failed)""))"
Titan Tech Emirates Pvt Ltd,titantechemirates.com,https://infopark.in/companies-profile/titan-tech-emirates-pvt-ltd,Medium,Yes,1,hr@titantechemirates.com,HR,Completed - Email Found,2,Could not access https://titantechemirates.com/: HTTP 403
TNP Consultancy Private Limited,www.tnpconsultants.com/en/tnp-india,https://infopark.in/companies-profile/tnp-consultancy-private-limited,High,No,0,,,Completed - No Public Email,3,
Toobler Technologies Pvt. Ltd.,www.toobler.com,https://infopark.in/companies-profile/toobler-technologies-pvt-ltd,Medium,Yes,1,info@toobler.com,General,Completed - Email Found,3,
TouchWorld Technology,www.touchworldtech.com,https://infopark.in/companies-profile/touchworld-technology,Medium,Yes,1,info@touchworldtech.com,General,Completed - Email Found,2,
Trafoss Pvt.Ltd,www.trafoss.com,https://infopark.in/companies-profile/trafoss-pvt-ltd,Medium,Yes,1,info@trafoss.com,General,Completed - Email Found,1,
Tranzmeo,www.tranzmeo.com,https://infopark.in/companies-profile/tranzmeo,Medium,Yes,2,info@tranzmeo.com,General,Completed - Email Found,2,
Travancore Analytics Pvt.Ltd.,www.travancoreanalytics.com,https://infopark.in/companies-profile/travancore-analytics-pvt-ltd,Medium,Yes,1,careers@travancoreanalytics.com,Careers,Completed - Email Found,3,
Tukxi India Private Ltd,www.tukxi.in,https://infopark.in/companies-profile/tukxi-india-private-ltd,Medium,Yes,1,support@tukxi.in,Other,Completed - Email Found,2,"Could not access https://www.tukxi.in/: ReadTimeout: HTTPSConnectionPool(host='www.tukxi.in', port=443): Read timed out. (read timeout=10)"
Turqosoft Solutions Pvt. Ltd.,www.turqosoft.com,https://infopark.in/companies-profile/turqosoft-solutions-pvt-ltd,High,Yes,1,info@turqosoft.com,General,Completed - Email Found,2,
Tuttifrutti Games Pvt Ltd,www.tuttifrutti.in,https://infopark.in/companies-profile/tuttifrutti-games-pvt-ltd,Medium,No,0,,,Completed - No Public Email,3,
Unilaw Global Private Limited,www.unilawtech.com,https://infopark.in/companies-profile/unilaw-global-private-limited,High,Yes,2,hr@unilawtech.com,HR,Completed - Email Found,2,
UROLIME,www.urolime.com,https://infopark.in/companies-profile/urolime-technologies-private-limited,Medium,Yes,1,hr@urolime.com,HR,Completed - Email Found,3,
US Technology International Pvt Ltd,www.ust.com,https://infopark.in/companies-profile/us-technology-international-pvt-ltd,Medium,Yes,1,info@ust-global.com,General,Completed - Email Found,2,
Vaisesika Consulting Private Limited,vaisesikaconsulting.com,https://infopark.in/companies-profile/vaisesika-consulting-private-limited,Medium,Yes,1,careers@vaisesika.com,Careers,Completed - Email Found,2,
ValueMentor Infosec Pvt. Ltd.,www.valuementor.com,https://infopark.in/companies-profile/valuementor-infosec-pvt-ltd,Medium,Yes,1,sales@valuementor.com,Other,Completed - Email Found,2,
Varishtha Infotech Services Pvt Ltd.,www.varishthainfotech.com,https://infopark.in/companies-profile/varishtha-infotech-services-pvt-ltd,Medium,No,0,,,Completed - No Public Email,3,
Veeble SoftTech (P) Ltd.,www.veeble.com,https://infopark.in/companies-profile/veeble-softtech-p-ltd,Medium,Yes,1,careers@veeble.com,Careers,Completed - Email Found,3,
"Verteil Technologies Private Limited,",www.verteil.com,https://infopark.in/companies-profile/verteil-technologies-private-limited,Medium,Yes,1,contact@verteil.com,General,Completed - Email Found,2,
Viewy Digital P(Ltd),www.viewydigital.com,https://infopark.in/companies-profile/viewy-digital-p-ltd,Medium,Yes,1,info@viewydigital.com,General,Completed - Email Found,3,
Violet Frames,www.violetframes.com,https://infopark.in/companies-profile/violet-frames,Medium,Yes,1,info@violetframes.com,General,Completed - Email Found,2,
VIPoint Solutions Pvt Ltd,www.vipointsolutions.net,https://infopark.in/companies-profile/vipoint-solutions-pvt-ltd,Medium,Yes,1,hr@vipointsolutions.net,HR,Completed - Email Found,3,
Virtual Impulse Technologies,https://vimptech.com/,https://infopark.in/companies-profile/virtual-impulse-technologies,High,No,0,,,Completed - No Public Email,3,
Virtual Sys Technologies,virtualsystechnologies.com,https://infopark.in/companies-profile/virtual-sys-technologies,Medium,Yes,1,info@vstbiz.com,General,Completed - Email Found,1,
Vistas Global Intellect Private Limited,vistasglobal.com,https://infopark.in/companies-profile/vistas-global-intellect-private-limited,Medium,Yes,1,info@vistasglobal.com,General,Completed - Email Found,2,
Vivish Technologies Private Limited,mygate.com,https://infopark.in/companies-profile/vivish-technologies-private-limited,High,Yes,1,hr@mygate.in,HR,Completed - Email Found,3,
Vortexen Dynamics,www.vortexen.com,https://infopark.in/companies-profile/vortexen-dynamics,Medium,Yes,1,office@vortexen.com,General,Completed - Email Found,2,
Voxtron Solutions LLP,www.voxtronme.com,https://infopark.in/companies-profile/voxtron-solutions-llp,Medium,No,0,,,Completed - No Public Email,3,
Voyager IT Solutions Pvt Ltd,www.itvoyager.com,https://infopark.in/companies-profile/voyager-it-solutions-pvt-ltd,Medium,Yes,5,hr@itvoyager.com,HR,Completed - Email Found,2,
Voyon Technology Pvt Ltd,www.voyonfolks.com,https://infopark.in/companies-profile/voyon-technology-pvt-ltd,Medium,Yes,1,careers@voyon.net,Careers,Completed - Email Found,2,
Vtrio Solutions Private Limited,www.vtrio.com,https://infopark.in/companies-profile/vtrio-solutions-private-limited,Medium,Yes,1,hr@vtrio.com,HR,Completed - Email Found,2,
VVDN Technologies Pvt Ltd,www.vvdntech.com,https://infopark.in/companies-profile/vvdn-technologies-pvt-ltd,Medium,Yes,1,info@vvdntech.com,General,Completed - Email Found,3,
Wazeefa1 Technologies Pvt. Ltd.,www.wazeefa.in,https://infopark.in/companies-profile/wazeefa1-technologies-pvt-ltd,High,Yes,1,info@wazeefa.in,General,Completed - Email Found,2,
Webandcrafts,www.webandcrafts.com,https://infopark.in/companies-profile/webandcrafts,Medium,Yes,1,info@webandcrafts.com,General,Completed - Email Found,2,
Webdura Technologies,www.webduratech.com,https://infopark.in/companies-profile/webdura-technologies,Medium,Yes,3,careers@webduratech.com,Careers,Completed - Email Found,1,
White Rabbit Group,https://whiterabbit.group/,https://infopark.in/companies-profile/white-rabbit-group,Medium,Yes,2,careers@whiterabbit.group,Careers,Completed - Email Found,2,
Windfall Productions Pvt.Ltd.,www.windfallproductions.org,https://infopark.in/companies-profile/windfall-productions-pvt-ltd,Medium,Yes,2,hr@windfallproductions.org,HR,Completed - Email Found,2,
Wipro Limited,www.wipro.com,https://infopark.in/companies-profile/wipro-limited,Medium,No,0,,,Completed - No Public Email,3,
WOC Branding Systems Pvt Ltd,www.wocbranding.com,https://infopark.in/companies-profile/woc-branding-systems-pvt-ltd,Medium,Yes,1,hr@wocbranding.com,HR,Completed - Email Found,2,
WORKSENT TECHNOLOGIES PVT LTD,www.worksent.com,https://infopark.in/companies-profile/worksent-technologies-pvt-ltd,Medium,Yes,1,careers@worksent.com,Careers,Completed - Email Found,3,
Woxro,www.woxro.com,https://infopark.in/companies-profile/woxro,Medium,Yes,1,hello@woxro.com,General,Completed - Email Found,2,
Yatnam Technologies,www.yatnam.com,https://infopark.in/companies-profile/yatnam-technologies,Medium,Yes,1,careers@yatnam.com,Careers,Completed - Email Found,2,
Yavun Technologies,www.webcontentor.com,https://infopark.in/companies-profile/yavun-technologies,Medium,No,0,,,Completed - No Public Email,3,
Yellowfish Digital Innovations Pvt Ltd.,www.yellowfish.in,https://infopark.in/companies-profile/yellowfish-digital-innovations-pvt-ltd,Medium,Yes,1,hr@yellowfish.in,HR,Completed - Email Found,3,
Ynot Infosolutions,www.ynotinfo.com,https://infopark.in/companies-profile/ynot-infosolutions,Medium,Yes,1,hr@ynotinfo.com,HR,Completed - Email Found,3,
YOUGotaGift Pvt Ltd,www.yougotagift.com,https://infopark.in/companies-profile/yougotagift-pvt-ltd,High,No,0,,,Completed - No Public Email,3,
Zapare Technologies Private Limited,www.zaparetech.com,https://infopark.in/companies-profile/zapare-technologies-private-limited,Medium,Yes,1,hr@zaparetech.com,HR,Completed - Email Found,3,
Zealogics IT Solutions,www.zealogics.com,https://infopark.in/companies-profile/zealogics-it-solutions,Medium,No,0,,,Completed - No Public Email,3,
Zellis HR India Pvt.Ltd.,www.zellis.com,https://infopark.in/companies-profile/zellis-hr-india-pvt-ltd,Medium,No,0,,,Completed - No Public Email,3,
Zinbay India Pvt.Ltd.,www.zinbayindia.com,https://infopark.in/companies-profile/zinbay-india-pvt-ltd,Medium,Yes,1,office@zinbay.in,General,Completed - Email Found,3,
ZineMind Technologies,,https://infopark.in/companies-profile/zinemind-technologies,Medium,No,0,,,Completed - No Public Email,1,No usable website URL in frozen target data.
Zoiteckh Informations Solutions,www.zoiteckh.com,https://infopark.in/companies-profile/zoiteckh-informations-solutions,Medium,No,0,,,Completed - No Public Email,2,
