company_name,final_priority,researched,email_found,email_count,primary_email,primary_email_category,source_type,contact_source_url,discovery_status,audit_result,notes
2Base Technologies Pvt Ltd,High,Yes,Yes,1,careers@2basetechnologies.com,Careers,Official Infopark Directory,https://infopark.in/companies-profile/2base-technologies-pvt-ltd,Email Found,Valid,
2Hats Logic Solutions Pvt. Ltd.,Medium,Yes,Yes,1,hr@2hatslogic.com,HR,Official Infopark Directory,https://infopark.in/companies-profile/2hats-logic-solutions-pvt-ltd,Email Found,Valid,
42Square Technologies,Medium,Yes,Yes,2,hr@42square.ai,HR,Official Website,https://www.42square.ai/,Multiple Public Emails Found,Valid,
9Commerce Technologies,Medium,Yes,Yes,1,hr@commerce9.io,HR,Official Careers Page,https://commerce9.io/careers/,Email Found,Valid,
Aabasoft Technologies India Private Limited,Medium,Yes,Yes,1,info@aabasoft.com,General,Official Website,https://www.aabasoft.com/in-en/,Email Found,Needs Review,
Aarbee Structures Pvt.Ltd,Medium,Yes,Yes,2,careers@aarbeestructures.com,Careers,Official Careers Page,https://aarbeestructures.com/careers/,Multiple Public Emails Found,Valid,
Abel Techsoft Private Limited,High,Yes,Yes,1,info@abeltechsoft.com,General,Official Infopark Directory,https://infopark.in/companies-profile/abel-techsoft-private-limited,Email Found,Needs Review,
Abilytics Consulting Pvt Ltd,High,Yes,Yes,1,hr@abilytics.com,HR,Official Infopark Directory,https://infopark.in/companies-profile/abilytics-consulting-pvt-ltd,Email Found,Valid,
Acabes International Pvt. Ltd.,Medium,Yes,Yes,1,support@acabesinternational.com,Other,Official Website,https://acabesinternational.com/,Email Found,Needs Review,
Accelray Technologies Pvt Ltd,Medium,Yes,Yes,1,info@accelray.com,General,Official Website,https://www.accelray.com/,Email Found,Needs Review,
Aceware Fintech Services Pvt Ltd (Radiant Acemoney),High,Yes,Yes,4,career@acemoney.in,Careers,Official Website,https://www.acemoney.in/,Multiple Public Emails Found,Valid,
Acube Innovations,Medium,Yes,Yes,2,info@acube.co,General,Official Website,https://acubeinnovations.com/,Multiple Public Emails Found,Needs Review,
adesso India Private Ltd,Medium,Yes,Yes,1,info@adesso.in,General,Official Website,https://www.adesso.in/en/index-12.jsp,Email Found,Needs Review,
Admaren Tech Pvt Ltd,Medium,Yes,Yes,1,info@admaren.com,General,Official Infopark Directory,https://infopark.in/companies-profile/admaren-tech-pvt-ltd,Email Found,Needs Review,
Advenser Engineering Services Private Limited,Medium,Yes,Yes,1,info@advenser.com,General,Official Infopark Directory,https://infopark.in/companies-profile/advenser-engineering-services-private-limited,Email Found,Needs Review,
"Affiliated Computer Services of India, A Xerox Company",Medium,Yes,Yes,35,contact@graphicslimited.com,General,Official Contact Page,https://www.xerox.com/en-us/about/contact-us,Multiple Public Emails Found,Needs Review,
Airo Global Software Pvt Ltd,Medium,Yes,Yes,3,hiring@airoglobalsoftware.com,Hiring,Official Website,https://airoglobal.com/join-with-us/index.html,Multiple Public Emails Found,Valid,
Airpay Financial Technologies Pvt. Ltd,Medium,Yes,No,0,,,,,No Public Email Found,No Contact,
ALB Technologies Pvt Ltd,High,Yes,Yes,1,hr@accuratelegalbilling.com,HR,Official Infopark Directory,https://infopark.in/companies-profile/alb-technologies-pvt-ltd,Email Found,Valid,
AlignMinds Technologies,Medium,Yes,Yes,1,careers@alignminds.com,Careers,Official Infopark Directory,https://infopark.in/companies-profile/alignminds-technologies,Email Found,Valid,Could not access https://alignminds.com/: HTTP 307
Alphasky Ventures Pvt. Ltd.,Medium,Yes,Yes,1,sales@alphasky.aero,Other,Official Website,https://www.alphasky.aero/,Email Found,Needs Review,
ALTOS Technologies,Medium,Yes,Yes,1,info@altostechnologies.in,General,Official Infopark Directory,https://infopark.in/companies-profile/altos-technologies,Email Found,Needs Review,
Amara Raja Design Alpha Private Limited,Medium,Yes,Yes,1,sales@designalpha.in,Other,Official Website,https://www.amararajadesignalpha.com/,Email Found,Needs Review,
Amatosoft,Medium,Yes,Yes,1,info@amatosoft.com,General,Official Website,https://amatosoft.com/,Email Found,Needs Review,
AMIYON SOLUTIONS PVT LTD.,Medium,Yes,Yes,1,hr@amiyon.com,HR,Official Infopark Directory,https://infopark.in/companies-profile/amiyon-solutions-pvt-ltd,Email Found,Valid,
Amla Consultancy Pvt Ltd,Medium,Yes,Yes,1,info@amlaconsultancy.com,General,Official Website,https://amlaconsultancy.com/,Email Found,Needs Review,
Amplitude Software Systems Pvt Ltd,Medium,Yes,Yes,2,hr@jupiterbs.com,HR,Official Careers Page,https://www.jupiterbs.com/Career,Multiple Public Emails Found,Valid,
Appadore Private Limited,Medium,Yes,Yes,1,info@appadore.com,General,Official Website,https://www.appadore.com/,Email Found,Needs Review,
Applied Payments Technology Pvt Ltd.,Medium,Yes,Yes,2,careers@appliedpaymentstech.com,Careers,Official Careers Page,https://www.appliedpaymentstech.com/careers/,Multiple Public Emails Found,Valid,
Apps Team Technologies Pvt.Ltd.,Medium,Yes,Yes,1,hello@appsteamtechnologies.com,General,Official Website,https://appsteamtechnologies.com/,Email Found,Needs Review,
Apro IT Solutions Pvt Ltd,Medium,Yes,Yes,2,hr@aproitsolutions.in,HR,Official Website,https://aproitsolutions.com/,Multiple Public Emails Found,Valid,
Aptlylabs India Pvt Ltd,High,Yes,Yes,1,info@aptlylabs.com,General,Official Infopark Directory,https://infopark.in/companies-profile/aptlylabs-india-pvt-ltd,Email Found,Needs Review,
Armia Systems Pvt. Ltd,Medium,Yes,Yes,2,jobs@armia.com,Careers,Official Careers Page,https://www.armia.com/careers.php,Multiple Public Emails Found,Valid,
Array Platforms Pvt Ltd,Medium,Yes,Yes,3,contact@array.team,General,Official Contact Page,https://array.team/contact/,Multiple Public Emails Found,Needs Review,
Art Technology and Software.,Medium,Yes,Yes,1,info@artechsoft.com,General,Official Website,https://www.artechsoft.com/,Email Found,Needs Review,
Aspire Systems Digital Private Limited,Medium,Yes,No,0,,,,,No Public Email Found,No Contact,
AVENTUS INFORMATICS,Medium,Yes,Yes,1,info@aventusinformatics.com,General,Official Website,https://www.aventusinformatics.com/,Email Found,Needs Review,
Ayata Commerce Tech Solutions Pvt Ltd,Medium,Yes,Yes,1,info@ayatacommerce.com,General,Official Website,https://ayatacommerce.com/,Email Found,Needs Review,
Banzan Studios,Medium,Yes,Yes,1,info@banzan.co,General,Official Infopark Directory,https://infopark.in/companies-profile/banzan-studios,Email Found,Needs Review,
Beinex Consulting Pvt Ltd,Medium,Yes,Yes,1,careers@beinex.com,Careers,Official Infopark Directory,https://infopark.in/companies-profile/beinex-consulting-pvt-ltd,Email Found,Valid,
Beth Soft Technologies India Private Limited,Medium,Yes,Yes,2,info@bethsofttechnologies.com,General,Official Website,https://www.bethsofttechnologies.com/,Multiple Public Emails Found,Needs Review,Could not access https://www.bethsofttechnologies.com/testimonial.html: HTTP 404
Bhooshan's Junior,Medium,Yes,Yes,1,info@bhooshansjr.in,General,Official Website,https://bhooshansjr.in/,Email Found,Needs Review,
Binaries,Medium,Yes,Yes,1,info@binariesindia.com,General,Official Infopark Directory,https://infopark.in/companies-profile/binaries,Email Found,Needs Review,
BJ Corps Technologies (OPC) Private Limited,Medium,Yes,Yes,1,info@bjcorps.com,General,Official Infopark Directory,https://infopark.in/companies-profile/bj-corps-technologies-opc-private-limited,Email Found,Needs Review,
Braddock Infotech Pvt. Ltd.,Medium,Yes,Yes,2,careers@braddockinfotech.com,Careers,Official Website,https://www.braddockinfotech.com/,Multiple Public Emails Found,Valid,
Braid Technologies Pvt. Ltd,Medium,Yes,Yes,1,info@braidtechnologies.com,General,Official Infopark Directory,https://infopark.in/companies-profile/braid-technologies-pvt-ltd,Email Found,Needs Review,No usable website URL in frozen target data.
Bramma IT Solutions,Medium,Yes,No,0,,,,,No Public Email Found,No Contact,
Brennan IT India Private Limited,Medium,Yes,No,0,,,,,No Public Email Found,No Contact,
BroadTech IT Solutions Pvt Ltd,Medium,Yes,Yes,1,contact@broadtech-innovations.com,General,Official Website,https://www.broadtech-innovations.com/,Email Found,Needs Review,
Cabot Technology Solutions Pvt. Ltd.,Medium,Yes,Yes,1,info@cabotsolutions.com,General,Official Infopark Directory,https://infopark.in/companies-profile/cabot-technology-solutions-pvt-ltd,Email Found,Needs Review,
Calpine Group,Medium,Yes,Yes,1,info@calpinetech.com,General,Official Infopark Directory,https://infopark.in/companies-profile/calpine-group,Email Found,Needs Review,
CareRevenue Technology Pvt. Ltd.,Medium,Yes,Yes,1,careers@carerevenue.com,Careers,Official Infopark Directory,https://infopark.in/companies-profile/carerevenue-technology-pvt-ltd,Email Found,Valid,
Carnegie Worldwide Services Pvt Ltd,Medium,Yes,No,0,,,,,No Public Email Found,No Contact,
Cascade Revenue Management Pvt. Ltd,Medium,Yes,No,0,,,,,No Public Email Found,No Contact,Could not access https://www.aimabms.com/: HTTP 403 At least one permitted public source was unavailable; no eligible public business email was found on accessible sources.
Cavli Wireless,Medium,Yes,Yes,2,careers@cavliwireless.com,Careers,Official Careers Page,https://www.cavliwireless.com/careers,Multiple Public Emails Found,Valid,
CCS Technologies (P) Ltd,Medium,Yes,Yes,1,careers@ccs-technologies.com,Careers,Official Contact Page,https://ccs-technologies.com/contact-us/,Email Found,Valid,
CEREIV Advisory LLP,Medium,Yes,Yes,1,sales@cereiv.com,Other,Official Website,https://cereiv.com/,Email Found,Needs Review,
CHISQUARE LABS,High,Yes,Yes,2,careers@chisquarelabs.com,Careers,Official Careers Page,https://chisquarelabs.com/careers/,Multiple Public Emails Found,Valid,
CipherPeak Private Limited,High,Yes,No,0,,,,,No Public Email Found,No Contact,"Could not access https://cipherpeakpvtltd.com/: ConnectionError: HTTPSConnectionPool(host='cipherpeakpvtltd.com', port=443): Max retries exceeded with url: / (Caused by NameResolutionError(""HTTPSConnection(host='cipherpeakpvtltd.com', port=443): Failed to resolve 'cipherpeakpvtltd.com' ([Errno 11001] getaddrinfo failed)"")) At least one permitted public source was unavailable; no eligible public business email was found on accessible sources."
Classic Technologies & Business Solutions Pvt. Ltd.,Medium,Yes,Yes,2,hr@ctebs.com,HR,Official Contact Page,https://www.ctebs.com/contact/contact.html,Multiple Public Emails Found,Valid,
ClaySys Technologies Pvt.Ltd,Medium,Yes,Yes,1,info@claysys.com,General,Official Infopark Directory,https://infopark.in/companies-profile/claysys-technologies-pvt-ltd,Email Found,Needs Review,
Clevero India Pvt. Ltd.,Medium,Yes,Yes,1,sales@clevero.com,Other,Official Website,https://cleverotel.com/,Email Found,Needs Review,
CloudHouse Technologies Pvt.Ltd,High,Yes,Yes,2,jobs@cloudhousetechnologies.com,Careers,Official Careers Page,https://cloudhousetechnologies.com/careers,Multiple Public Emails Found,Valid,
Cloudium Software Pvt. Ltd.,Medium,Yes,Yes,1,info@cloudium.io,General,Official Infopark Directory,https://infopark.in/companies-profile/cloudium-software-pvt-ltd,Email Found,Needs Review,"Could not access https://www.cloudium.io/: SSLError: HTTPSConnectionPool(host='www.cloudium.io', port=443): Max retries exceeded with url: / (Caused by SSLError(SSLCertVerificationError(1, '[SSL: CERTIFICATE_VERIFY_FAILED] certificate verify failed: unable to get local issuer certificate (_ssl.c:1006)')))"
CLOUDVICE,High,Yes,Yes,1,info@cloudvice.com,General,Official Infopark Directory,https://infopark.in/companies-profile/cloudvice,Email Found,Needs Review,
CodeDesign Technologies Pvt Ltd,Medium,Yes,Yes,1,info@codedesign.in,General,Official Website,https://codedesign.in/,Email Found,Needs Review,
Codelynks Software Solutions Private Limited,Medium,Yes,Yes,1,info@codelynks.com,General,Official Website,https://codelynks.com/,Email Found,Needs Review,
CodeNext Technologies Pvt. Ltd.,Medium,Yes,Yes,1,info@codenexttechnologies.com,General,Official Website,https://codenexttechnologies.com/,Email Found,Needs Review,
Codmeric Infotech Pvt. Ltd.,Medium,Yes,No,0,,,,,No Public Email Found,No Contact,
Cognicor Technologies Pvt.Ltd,Medium,Yes,Yes,1,hr@cognicor.com,HR,Official Infopark Directory,https://infopark.in/companies-profile/cognicor-technologies-pvt-ltd,Email Found,Valid,
Cogniwide Technologies Private Limited,High,Yes,No,0,,,,,No Public Email Found,No Contact,
Cognizant Technology Solutions,Medium,Yes,No,0,,,,,No Public Email Found,No Contact,
Coinone Global Solutions Pvt Ltd,Medium,Yes,Yes,1,info@coinoneglobal.com,General,Official Infopark Directory,https://infopark.in/companies-profile/coinone-global-solutions-pvt-ltd,Email Found,Needs Review,
Conduent Business Services LLP,Medium,Yes,No,0,,,,,No Public Email Found,No Contact,
Consoul Associates,Medium,Yes,Yes,1,info@consoulgroup.com,General,Official Website,https://www.consoulassociates.com/,Email Found,Needs Review,
ContactPoint 360,Medium,Yes,Yes,1,sales@contactpoint360.com,Other,Official Website,https://contactpoint360.com/,Email Found,Needs Review,Could not access https://contactpoint360.com/recruiting-sourcing-software/: HTTP 404
CoolMinds Technologies Pvt Ltd.,Medium,Yes,Yes,1,info@coolmindsinc.com,General,Official Website,https://www.coolmindsinc.com/,Email Found,Needs Review,
Crossgen Technologies,Medium,Yes,Yes,2,info@crossgentech.com,General,Official Contact Page,https://crossgentech.com/contact-us/,Multiple Public Emails Found,Needs Review,
CSEIDC TECHNOLOGIES PVT LTD,High,Yes,Yes,2,jobs@cse.com.sa,Careers,Official Careers Page,https://cse.com.sa/careers/,Multiple Public Emails Found,Valid,
Cubet Techno Labs Pvt.Ltd,Medium,Yes,No,0,,,,,No Public Email Found,No Contact,
Currentware India Pvt Ltd.,Medium,Yes,No,0,,,,,No Public Email Found,No Contact,Could not access https://www.currentware.com/: HTTP 403 At least one permitted public source was unavailable; no eligible public business email was found on accessible sources.
CVS Info Solutions Private Limited,High,Yes,No,0,,,,,No Public Email Found,No Contact,
Cyberion Software Solutions Pvt. Ltd,High,Yes,Yes,1,info@cyberionsoft.com,General,Official Website,https://cyberion.in/,Email Found,Needs Review,
Cybrosys Technologies Pvt. Ltd.,Medium,Yes,Yes,1,info@cybrosys.com,General,Official Website,https://www.cybrosys.com/,Email Found,Needs Review,
Daddara,Medium,Yes,No,0,,,,,No Public Email Found,No Contact,
Daskalos virtual Academy pvt Limited,Medium,Yes,No,0,,,,,No Public Email Found,No Contact,
Dataequinox,Medium,Yes,Yes,1,hello@deqx.ai,General,Official Website,https://deqx.ai/,Email Found,Needs Review,
Datafloat Technologies India Pvt Ltd,Medium,Yes,No,0,,,,,No Public Email Found,No Contact,
DataPMI Technologies LLP,High,Yes,No,0,,,,,No Public Email Found,No Contact,
Datum Innovation,Medium,Yes,Yes,1,info@datuminnovation.com,General,Official Website,https://www.datuminnovation.com/,Email Found,Needs Review,
DBiz AI Solutions Pvt. Ltd.,High,Yes,No,0,,,,,No Public Email Found,No Contact,
Dee and Lee Services,Medium,Yes,No,0,,,,,No Public Email Found,No Contact,
Difinity Digital,High,Yes,Yes,2,careers@difinitydigital.com,Careers,Official Website,https://difinitydigital.com/,Multiple Public Emails Found,Valid,
Digiora Technologies Pvt.Ltd.,Medium,Yes,Yes,1,info@digiora.com,General,Official Website,https://www.digiora.com/,Email Found,Needs Review,
Dimensions Cybertech India Pvt. Ltd.,Medium,Yes,Yes,1,info@dimensionsgroup.com,General,Official Website,https://dimensionslive.com/,Email Found,Needs Review,
Direct7 Telecom Solutions Pvt Ltd,Medium,Yes,Yes,1,info@d7networks.com,General,Official Infopark Directory,https://infopark.in/companies-profile/direct7-telecom-solutions-pvt-ltd,Email Found,Needs Review,
Distinct Infotech Solutions,Medium,Yes,No,0,,,,,No Public Email Found,No Contact,"Could not access https://www.distinctinfotech.com/: SSLError: HTTPSConnectionPool(host='www.distinctinfotech.com', port=443): Max retries exceeded with url: / (Caused by SSLError(SSLCertVerificationError(1, '[SSL: CERTIFICATE_VERIFY_FAILED] certificate verify failed: certificate has expired (_ssl.c:1006)'))) At least one permitted public source was unavailable; no eligible public business email was found on accessible sources."
DOCGIANT SERVICES INDIA PVT.LTD.,Medium,Yes,No,0,,,,,No Public Email Found,No Contact,"Could not access https://www.docgiant.com/: ConnectionError: HTTPSConnectionPool(host='www.docgiant.com', port=443): Max retries exceeded with url: / (Caused by NameResolutionError(""HTTPSConnection(host='www.docgiant.com', port=443): Failed to resolve 'www.docgiant.com' ([Errno 11001] getaddrinfo failed)"")) At least one permitted public source was unavailable; no eligible public business email was found on accessible sources."
Dooth Internet Service Pvt. Ltd.,Medium,Yes,No,0,,,,,No Public Email Found,No Contact,
Dot In Technologies,High,Yes,No,0,,,,,No Public Email Found,No Contact,
Dynactionize India Pvt Ltd,Medium,Yes,Yes,1,info@consono.ai,General,Official Website,https://consono.ai/,Email Found,Needs Review,
Dynamed Healthcare Solutions Pvt.Ltd.,Medium,Yes,Yes,1,hr@dynamedhealth.com,HR,Official Infopark Directory,https://infopark.in/companies-profile/dynamed-healthcare-solutions-pvt-ltd,Email Found,Valid,
Edstem Technologies Pvt Ltd,Medium,Yes,Yes,2,careers@edstem.com,Careers,Official Careers Page,https://www.edstem.com/careers,Multiple Public Emails Found,Valid,
EGC Global Services India Pvt Ltd,Medium,Yes,No,0,,,,,No Public Email Found,No Contact,
Electrifex Technologies Pvt. Ltd,Medium,Yes,Yes,1,info@electrifex.com,General,Official Infopark Directory,https://infopark.in/companies-profile/electrifex-technologies-pvt-ltd,Email Found,Needs Review,
ELEMMENT FAÇADE Pvt Ltd,Medium,Yes,Yes,1,info@elemmentfacade.com,General,Official Website,https://www.elemmentfacade.com/,Email Found,Needs Review,
EMATRIX SOFTWARE PRIVATE LIMITED,High,Yes,Yes,1,info@ematrixsoftware.com,General,Official Website,https://www.ematrixsoftware.com/,Email Found,Needs Review,
Emergio Technologies Pvt Ltd,High,Yes,No,0,,,,,No Public Email Found,No Contact,
Empay Software Solutions Private Limited,Medium,Yes,Yes,1,hr@empaysoft.com,HR,Official Website,https://www.empaysoft.com/,Email Found,Valid,
Empress InfoTech,Medium,Yes,Yes,1,hr@empressinfotech.com,HR,Official Infopark Directory,https://infopark.in/companies-profile/empress-infotech,Email Found,Valid,
Emsyne Technologies Private Limited,Medium,Yes,Yes,1,jobs@emsyne.com,Careers,Official Infopark Directory,https://infopark.in/companies-profile/emsyne-technologies-private-limited,Email Found,Valid,"Could not access https://www.emsyne.com/: SSLError: HTTPSConnectionPool(host='www.emsyne.com', port=443): Max retries exceeded with url: / (Caused by SSLError(SSLCertVerificationError(1, '[SSL: CERTIFICATE_VERIFY_FAILED] certificate verify failed: unable to get local issuer certificate (_ssl.c:1006)')))"
Endeion Engineering Services Pvt.Ltd.,Medium,Yes,Yes,1,info@endeion.com,General,Official Infopark Directory,https://infopark.in/companies-profile/endeion-engineering-services-pvt-ltd,Email Found,Needs Review,Could not access https://www.endeion.com/: HTTP 403
EnergyScape Renewables LLP,Medium,Yes,Yes,1,sales@energyscaperenewables.com,Other,Official Website,https://energyscaperenewables.com/,Email Found,Needs Review,
EPI-USE India Pvt.Ltd.,Medium,Yes,Yes,1,info@epiuse.com,General,Official Website,https://www.epiuse.com/,Email Found,Needs Review,
Epixel Solutions Pvt Ltd,Medium,Yes,Yes,1,info@epixelsolutions.com,General,Official Infopark Directory,https://infopark.in/companies-profile/epixel-solutions-pvt-ltd,Email Found,Needs Review,
Eqsoft Business Solutions Pvt Ltd,High,Yes,Yes,5,info@almanaltech.com,General,Official Website,https://www.eqsoftonline.com/,Multiple Public Emails Found,Needs Review,
Estro Tech Robotics and Innovations Pvt Ltd,High,Yes,Yes,1,contact@estrotech.in,General,Official Infopark Directory,https://infopark.in/companies-profile/estro-tech-robotics-and-innovations-pvt-ltd,Email Found,Needs Review,
EXACORE IT SOLUTIONS PRIVATE LIMITED,Medium,Yes,Yes,2,career@exacoreitsolutions.com,Careers,Official Careers Page,https://www.exacoreitsolutions.com/careers,Multiple Public Emails Found,Valid,
Exor India Pvt Ltd.,Medium,Yes,Yes,1,info@exorint.com,General,Official Contact Page,https://www.exorint.com/contact-us,Email Found,Needs Review,
Expeed Software Private Limited,Medium,Yes,Yes,1,info@expeed.com,General,Official Website,https://www.expeed.com/,Email Found,Needs Review,
Experion Technologies,Medium,Yes,Yes,1,careers@experionglobal.com,Careers,Official Infopark Directory,https://infopark.in/companies-profile/experion-technologies,Email Found,Valid,
Exponential Digital Solutions Pvt.Ltd.,Medium,Yes,No,0,,,,,No Public Email Found,No Contact,
Extravelmoney Technosol Private Limited,Medium,Yes,No,0,,,,,No Public Email Found,No Contact,
Facade Global Pvt. Ltd.,Medium,Yes,Yes,1,info@facadeglobal.com,General,Official Website,https://www.facadeglobal.in/,Email Found,Needs Review,
FDC Web Technologies Pvt Ltd,Medium,Yes,No,0,,,,,No Public Email Found,No Contact,
Feathersoft Info Solutions Private Ltd,Medium,Yes,No,0,,,,,No Public Email Found,No Contact,
Federal Operations and Services Ltd (FedServ),High,Yes,Yes,1,jobs@fedserv.co.in,Careers,Official Careers Page,https://fedserv.co.in/careers,Email Found,Valid,
Fine Destination,High,Yes,Yes,1,career@finedestination.co.in,Careers,Official Infopark Directory,https://infopark.in/companies-profile/fine-destination,Email Found,Valid,
Fingent Global Solutions,Medium,Yes,Yes,1,careers@fingent.com,Careers,Official Infopark Directory,https://infopark.in/companies-profile/fingent-global-solutions,Email Found,Valid,
FIRMINIQ SYSTEMS,Medium,Yes,Yes,1,hr@firminiq.com,HR,Official Infopark Directory,https://infopark.in/companies-profile/firminiq-systems,Email Found,Valid,Could not access https://www.firminiq.com/: HTTP 403
Flycatch Infotech Pvt. Ltd.,High,Yes,No,0,,,,,No Public Email Found,No Contact,
Focaloid Technologies Private Limited,Medium,Yes,Yes,1,careers@focaloid.com,Careers,Official Infopark Directory,https://infopark.in/companies-profile/focaloid-technologies-private-limited,Email Found,Valid,
Founding Minds software Pvt.Ltd,Medium,Yes,Yes,2,info@avantage.co.uk,General,Official Website,https://www.foundingminds.com/,Multiple Public Emails Found,Needs Review,
Fragomen Immigration Services India Private Limited,Medium,Yes,No,0,,,,,No Public Email Found,No Contact,
G10X INDIA PRIVATE LIMITED,Medium,Yes,Yes,1,contact@g10x.com,General,Official Infopark Directory,https://infopark.in/companies-profile/g10x-india-private-limited,Email Found,Needs Review,
Galactico Express Solutions Pvt. Ltd.,Medium,Yes,Yes,2,admin@gecs.me,General,Official Website,https://www.gecs.me/,Multiple Public Emails Found,Needs Review,
GALTech Technologies Pvt Ltd,Medium,Yes,Yes,2,info@galtech.uk,General,Official Website,https://www.galtech.org/,Multiple Public Emails Found,Needs Review,
Gapblue Software Labs Pvt Ltd,Medium,Yes,No,0,,,,,No Public Email Found,No Contact,
GEOJIT TECHNOLOGIES PVT LTD,Medium,Yes,Yes,2,hr@geojittechnologies.com,HR,Official Website,https://geojit.tech/,Multiple Public Emails Found,Valid,"Could not access https://geojit.tech/careers: ConnectTimeout: HTTPConnectionPool(host='geojit.tech', port=80): Max retries exceeded with url: /careers/ (Caused by ConnectTimeoutError(<HTTPConnection(host='geojit.tech', port=80) at 0x18e54eafa90>, 'Connection to geojit.tech timed out. (connect timeout=10)'))"
Gewan Info Tech Solutions India Pvt Ltd.,Medium,Yes,Yes,1,info@gewaninfotech.com,General,Official Infopark Directory,https://infopark.in/companies-profile/gewan-info-tech-solutions-india-pvt-ltd,Email Found,Needs Review,
GIS AXIOM Pvt. Ltd.,Medium,Yes,Yes,1,sales@gisaxiom.com,Other,Official Website,https://www.gisaxiom.com/,Email Found,Needs Review,
Gizmeon Technologies Private Limited,High,Yes,No,0,,,,,No Public Email Found,No Contact,
Glitz IT Solutions,High,Yes,Yes,1,info@glitzitsolutions.com,General,Official Website,https://glitzitsolutions.com/,Email Found,Needs Review,
Global Infonet Inc,Medium,Yes,Yes,1,info@global-infonet.com,General,Official Website,https://www.global-infonet.com/,Email Found,Needs Review,
Global Surf IT Pvt Ltd,High,Yes,Yes,1,careers@globalsurf.ae,Careers,Official Infopark Directory,https://infopark.in/companies-profile/global-surf-it-pvt-ltd,Email Found,Valid,Could not access https://www.globalsurf.ae/ & https://www.gs-it.ae/: HTTP 404
GRAMPRO BUSINESS SERVICES PVT. LTD,Medium,Yes,No,0,,,,,No Public Email Found,No Contact,
Grapelime Innovations Private Limited.,Medium,Yes,Yes,1,hr@grapelime.in,HR,Official Infopark Directory,https://infopark.in/companies-profile/grapelime-innovations-private-limited,Email Found,Valid,
Gravity Business Process Private Limited,Medium,Yes,Yes,2,careers@gravity-bp.com,Careers,Official Website,https://gravity-bp.com/,Multiple Public Emails Found,Valid,
Greenworld International Enterprise Private Limited,Medium,Yes,Yes,1,hr@greenworldin.com,HR,Official Careers Page,https://greenworldin.in/careers/,Email Found,Valid,
Grehasoft,Medium,Yes,Yes,1,info@grehasoft.com,General,Official Website,https://grehasoft.com/,Email Found,Needs Review,
Griphin Graphics,Medium,Yes,No,0,,,,,No Public Email Found,No Contact,
HashRoot Technologies Pvt Ltd,Medium,Yes,Yes,1,enquiry@hashroot.com,General,Official Website,https://www.hashroot.com/,Email Found,Needs Review,
Hatio Innovations Private Limited,Medium,Yes,No,0,,,,,No Public Email Found,No Contact,
Heidelsoft Technologies Private Limited,Medium,Yes,Yes,2,careers@heidelsoft.de,Careers,Official Website,https://www.heidelsoft.com/,Multiple Public Emails Found,Valid,
HH Back Office Services Pvt Ltd,Medium,Yes,Yes,1,admin@hhbos.com,General,Official Infopark Directory,https://infopark.in/companies-profile/hh-back-office-services-pvt-ltd,Email Found,Needs Review,
Hotpack Global,Medium,Yes,Yes,1,contact@hotpackglobal.com,General,Official Website,https://www.hotpackglobal.com/,Email Found,Needs Review,
HTIC Global,Medium,Yes,Yes,1,hr@hticglobal.com,HR,Official Infopark Directory,https://infopark.in/companies-profile/htic-global,Email Found,Valid,
Hubbell Burndy India,Medium,Yes,No,0,,,,,No Public Email Found,No Contact,No usable website URL in frozen target data.
IBS Software,Medium,Yes,No,0,,,,,No Public Email Found,No Contact,Could not access https://www.ibsplc.com/: HTTP 403 At least one permitted public source was unavailable; no eligible public business email was found on accessible sources.
iCodeBees Private Limited,High,Yes,Yes,1,info@icodebees.com,General,Official Infopark Directory,https://infopark.in/companies-profile/icodebees-private-limited,Email Found,Needs Review,
iDatalytics Pvt. Ltd.,Medium,Yes,Yes,2,careers@idatalytics.com,Careers,Official Careers Page,https://www.idatalytics.com/career/,Multiple Public Emails Found,Valid,
Idea Soft Solutions,High,Yes,Yes,1,contact@ideasoftsolutions.com,General,Official Website,https://ideasoftsolutions.com/,Email Found,Needs Review,
IdeaGCS Private Limited,Medium,Yes,Yes,1,hello@ideagcs.com,General,Official Website,https://ideagcs.com/,Email Found,Needs Review,
IdealMG Educare LLP,Medium,Yes,Yes,1,info@mgtuition.com,General,Official Infopark Directory,https://infopark.in/companies-profile/idealmg-educare-llp,Email Found,Needs Review,
iLeaf Solutions Pvt Ltd.,Medium,Yes,Yes,1,careers@ileafsolutions.com,Careers,Official Careers Page,https://www.ileafsolutions.com/careers,Email Found,Valid,
Impaqtive Technologies India Pvt Ltd,Medium,Yes,Yes,1,careers@impaqtive.com,Careers,Official Infopark Directory,https://infopark.in/companies-profile/impaqtive-technologies-india-pvt-ltd,Email Found,Valid,
In-Tech Group India Private Limited,Medium,Yes,No,0,,,,,No Public Email Found,No Contact,
InApp Information Technologies India Pvt Ltd,Medium,Yes,Yes,1,hr@inapp.com,HR,Official Infopark Directory,https://infopark.in/companies-profile/inapp-information-technologies-india-pvt-ltd,Email Found,Valid,
Incede Technologies Pvt Ltd,Medium,Yes,Yes,1,info@incedetech.ai,General,Official Website,https://incedetech.ai/,Email Found,Needs Review,
Indian Institute of Management - Kozhikode,Medium,Yes,No,0,,,,,No Public Email Found,No Contact,
IndustryApps Technologies Pvt Ltd,Medium,Yes,Yes,1,contact@industryapps.net,General,Official Contact Page,https://www.industryapps.net/contact-us.html,Email Found,Needs Review,
InerG Software Innovations Pvt.Ltd.,Medium,Yes,Yes,2,hr@inerg.com,HR,Official Careers Page,https://inerg.com/careers/,Multiple Public Emails Found,Valid,
Infintor Solutions LLP,Medium,Yes,Yes,1,info@infintor.com,General,Official Website,https://www.infintor.com/,Email Found,Needs Review,
INFOCYLANZ PVT. LTD.,Medium,Yes,Yes,3,careers@infocylanz.com,Careers,Official Website,https://infocylanz.com/,Multiple Public Emails Found,Valid,
Infosmart Technologies Private Limited,Medium,Yes,No,0,,,,,No Public Email Found,No Contact,
Innovature Software Labs (P) Ltd,Medium,Yes,Yes,1,sales@innovature.ai,Other,Official Website,https://innovature.ai/,Email Found,Needs Review,
Inntot Technologies Private Limited,Medium,Yes,Yes,1,info@inntot.com,General,Official Website,https://www.inntot.com/,Email Found,Needs Review,
Inspired Software Development (India) LLP,Medium,Yes,No,0,,,,,No Public Email Found,No Contact,
Inspirisys Solutions Limited,Medium,Yes,No,0,,,,,No Public Email Found,No Contact,
Inspite Technologies Pvt.Ltd,Medium,Yes,Yes,2,hr@inspitetech.com,HR,Official Website,https://inspitetech.com/,Multiple Public Emails Found,Valid,Could not access https://inspitetech.com/career/: HTTP 404
Intbrains Private Limited,Medium,Yes,Yes,1,info@intbrains.com,General,Official Website,https://www.intbrains.com/,Email Found,Needs Review,
Internland Technology Services Private Limited,Medium,Yes,Yes,1,hr@interlandtech.com,HR,Official Infopark Directory,https://infopark.in/companies-profile/internland-technology-services-private-limited,Email Found,Valid,
IVBM Pvt Ltd,High,Yes,No,0,,,,,No Public Email Found,No Contact,
iWEX Infomatics,High,Yes,No,0,,,,,No Public Email Found,No Contact,
Jachoos Technologies Private Limited,Medium,Yes,Yes,4,career@jachoos.com,Careers,Official Website,https://www.jachoos.com/,Multiple Public Emails Found,Valid,
JK Lucent Pvt Ltd,Medium,Yes,Yes,1,careers@jklucent.com.au,Careers,Official Infopark Directory,https://infopark.in/companies-profile/jk-lucent-pvt-ltd,Email Found,Valid,Could not access https://www.jklucent.com.au/: HTTP 403
Jobin & Jismi Pvt. Ltd.,Medium,Yes,Yes,1,hr@jobinandjismi.com,HR,Official Website,https://www.jobinandjismi.com/,Email Found,Valid,
Johnkart Online Trade and Services Pvt Ltd,Medium,Yes,Yes,1,admin@johnkart.com,General,Official Website,https://jotsdigital.com/,Email Found,Needs Review,
JohnTuringWatson Software Solutions Pvt Ltd,High,Yes,No,0,,,,,No Public Email Found,No Contact,
JTSi Technologies India Private Limited,Medium,Yes,Yes,2,info@jtsiindia.com,General,Official Website,https://jtsiindia.com/,Multiple Public Emails Found,Needs Review,
Kakapo Systems India Private Limited,Medium,Yes,No,0,,,,,No Public Email Found,No Contact,
Katzion Technology Solutions LLP,Medium,Yes,Yes,1,hr@katzion.com,HR,Official Infopark Directory,https://infopark.in/companies-profile/katzion-technology-solutions-llp,Email Found,Valid,
KL Koncepts Lab Media and IT Park,Medium,Yes,Yes,2,hr@konceptslab.com,HR,Official Contact Page,https://www.konceptslab.com/contact,Multiple Public Emails Found,Valid,
KnowBe4 India Private Limited,Medium,Yes,Yes,1,info@knowbe4.com,General,Official Infopark Directory,https://infopark.in/companies-profile/knowbe4-india-private-limited,Email Found,Needs Review,
KOTT SOFTWARE PRIVATE LIMITED,Medium,Yes,Yes,1,info@kottsoftware.com,General,Official Infopark Directory,https://infopark.in/companies-profile/kott-software-private-limited,Email Found,Needs Review,
Krythium Solutions Private Limited,Medium,Yes,Yes,1,info@krythium.com,General,Official Infopark Directory,https://infopark.in/companies-profile/krythium-solutions-private-limited,Email Found,Needs Review,
Lanware Solutions,Medium,Yes,Yes,2,hr@lanwaresolutions.com,HR,Official Infopark Directory,https://infopark.in/companies-profile/lanware-solutions,Multiple Public Emails Found,Valid,
Linnk Outsource Solutions India Pvt Ltd,High,Yes,No,0,,,,,No Public Email Found,No Contact,
LINXAS IT CONSULTING PRIVATE LIMITED,Medium,Yes,Yes,1,info@linxas.com,General,Official Website,https://linxas.com/,Email Found,Needs Review,Could not access https://linxas.com/careers/: HTTP 403
Lisbell Technologies Pvt Ltd,High,Yes,Yes,1,info@lisbell.com,General,Official Infopark Directory,https://infopark.in/companies-profile/lisbell-technologies-pvt-ltd,Email Found,Needs Review,
LucidPlus Infotech Pvt Ltd,Medium,Yes,Yes,1,career@lucidplus.com,Careers,Official Infopark Directory,https://infopark.in/companies-profile/lucidplus,Email Found,Valid,
Luure.ai LLP,Medium,Yes,Yes,1,info@luure.ai,General,Official Infopark Directory,https://infopark.in/companies-profile/luure-ai-llp,Email Found,Needs Review,
Mantle Solutions Private Limited,Medium,Yes,Yes,1,careers@mantlesolutions.in,Careers,Official Infopark Directory,https://infopark.in/companies-profile/mantle-solutions-private-limited,Email Found,Valid,
Mantra IT Solutions,Medium,Yes,Yes,1,info@mantraitsolutions.in,General,Official Website,https://mantraitsolutions.in/,Email Found,Needs Review,
MapleTech Space Pvt Ltd,Medium,Yes,Yes,1,info@mapletechspace.com,General,Official Infopark Directory,https://infopark.in/companies-profile/mapletech-space-pvt-ltd,Email Found,Needs Review,
MarketBytes WebWorks Private Limited,Medium,Yes,Yes,1,info@marketbytes.in,General,Official Careers Page,https://www.marketbytes.in/careers/,Email Found,Needs Review,
MARLABS SOFTWARE,Medium,Yes,Yes,1,contact@marlabs.com,General,Official Website,https://www.marlabs.com/,Email Found,Needs Review,
Mashuptech,High,Yes,Yes,1,info@mashuptech.in,General,Official Infopark Directory,https://infopark.in/companies-profile/mashuptech,Email Found,Needs Review,
Maxxion Systems Private Limited,Medium,Yes,No,0,,,,,No Public Email Found,No Contact,
McFadyen Digital,Medium,Yes,Yes,1,info@mcfadyen.com,General,Official Website,https://mcfadyen.com/,Email Found,Needs Review,
Media Systems India,Medium,Yes,No,0,,,,,No Public Email Found,No Contact,"Could not access https://www.msisoft.in/: ConnectionError: HTTPSConnectionPool(host='www.msisoft.in', port=443): Max retries exceeded with url: / (Caused by NameResolutionError(""HTTPSConnection(host='www.msisoft.in', port=443): Failed to resolve 'www.msisoft.in' ([Errno 11002] getaddrinfo failed)"")) At least one permitted public source was unavailable; no eligible public business email was found on accessible sources."
Merabt Technologies Private Limited,High,Yes,Yes,1,hr@merabt.com,HR,Official Infopark Directory,https://infopark.in/companies-profile/merabt-technologies-private-limited,Email Found,Valid,
MERP Systems Private Limited,Medium,Yes,Yes,1,info@merpsystems.com,General,Official Website,https://www.merpsystems.com/,Email Found,Needs Review,
Metclouds Technologies Pvt Ltd,High,Yes,Yes,1,info@metclouds.com,General,Official Website,https://metclouds.com/,Email Found,Needs Review,
Milestone Technologies,Medium,Yes,No,0,,,,,No Public Email Found,No Contact,
Millennium InfoLogic,Medium,Yes,Yes,1,hr@millinfo.net,HR,Official Infopark Directory,https://infopark.in/companies-profile/millennium-infologic,Email Found,Valid,
Mindcurv Technology Solutions Pvt. Ltd.,Medium,Yes,Yes,1,hr@mindcurv.com,HR,Official Infopark Directory,https://infopark.in/companies-profile/mindcurv-technology-solutions-pvt-ltd,Email Found,Valid,
MindLabs Consultancy Services LLP,Medium,Yes,Yes,2,careers@mindlabssolutions.com,Careers,Official Careers Page,https://www.mindlabssolutions.com/careers.html,Multiple Public Emails Found,Valid,
MindLabs Systems Pvt Ltd,High,Yes,No,0,,,,,No Public Email Found,No Contact,
Mitsogo,Medium,Yes,Yes,2,careers@mitsogo.com,Careers,Official Infopark Directory,https://infopark.in/companies-profile/mitsogo,Multiple Public Emails Found,Valid,
mitz AI Minds Pvt Ltd,Medium,Yes,No,0,,,,,No Public Email Found,No Contact,
Mozilor Technologies Pvt. Ltd.,Medium,Yes,Yes,1,careers@mozilor.com,Careers,Official Infopark Directory,https://infopark.in/companies-profile/mozilor-technologies-pvt-ltd,Email Found,Valid,
NAS Infosolutions Pvt Ltd,Medium,Yes,Yes,1,operations@nasinfosolutions.com,Business Contact,Official Infopark Directory,https://infopark.in/companies-profile/nas-infosolutions-pvt-ltd,Email Found,Needs Review,Could not access https://www.nasinfosolutions.com/: HTTP 403
Navicater Solutions India Pvt Ltd,Medium,Yes,Yes,1,admin@navicater.com,General,Official Infopark Directory,https://infopark.in/companies-profile/navicater-solutions-india-pvt-ltd,Email Found,Needs Review,
NDimensionZ Solutions Pvt.Ltd.,Medium,Yes,Yes,2,info@techmindz.com,General,Official Website,https://www.ndimensionz.com/,Multiple Public Emails Found,Needs Review,
Neem Info Solutions Pvt. Ltd.,Medium,Yes,Yes,1,admin@neemsoftware.com,General,Official Infopark Directory,https://infopark.in/companies-profile/neem-info-solutions-pvt-ltd,Email Found,Needs Review,"Could not access https://www.neemsoftware.com/: SSLError: HTTPSConnectionPool(host='www.neemsoftware.com', port=443): Max retries exceeded with url: / (Caused by SSLError(SSLCertVerificationError(1, '[SSL: CERTIFICATE_VERIFY_FAILED] certificate verify failed: self-signed certificate (_ssl.c:1006)')))"
Neork Technologies,High,Yes,Yes,2,hr@neork.com,HR,Official Website,https://www.neork.com/,Multiple Public Emails Found,Valid,
Nesa Software Pvt Ltd,High,Yes,Yes,2,info@nesasoftware.com,General,Official Website,https://www.nesasoftware.com/,Multiple Public Emails Found,Needs Review,
Nesote Technologies Pvt Ltd,Medium,Yes,Yes,1,hr@nesote.com,HR,Official Infopark Directory,https://infopark.in/companies-profile/nesote-technologies-pvt-ltd,Email Found,Valid,
Nestsoft TechnoMaster PVT LTD,Medium,Yes,No,0,,,,,No Public Email Found,No Contact,
Netlyft Technologies Pvt Ltd,High,Yes,Yes,1,contact@netlyft.com,General,Official Infopark Directory,https://infopark.in/companies-profile/netlyft-technologies-pvt-ltd,Email Found,Needs Review,
Netsentries Infosec Solutions Pvt.Ltd.,Medium,Yes,Yes,1,info@netsentries.com,General,Official Website,https://www.netsentries.com/,Email Found,Needs Review,
NewAgeSys Solutions (P) Ltd.,High,Yes,Yes,1,career@newagesysindia.com,Careers,Official Infopark Directory,https://infopark.in/companies-profile/newagesys-solutions-p-ltd,Email Found,Valid,
Next Apps,Medium,Yes,Yes,1,hello@nextapps.in,General,Official Website,https://www.nextapps.in/,Email Found,Needs Review,
Niaway Technologies Pvt Ltd,Medium,Yes,Yes,1,info@niaway.com,General,Official Infopark Directory,https://infopark.in/companies-profile/niaway-technologies-pvt-ltd,Email Found,Needs Review,
Niche Techies,High,Yes,Yes,1,hr@nichetechies.com,HR,Official Website,https://www.nichetechies.com/,Email Found,Valid,
Noa Infosolutions LLP,Medium,Yes,Yes,1,hr@noainfosolutions.com,HR,Official Infopark Directory,https://infopark.in/companies-profile/noa-infosolutions-llp,Email Found,Valid,"Could not access https://www.noainfosolutions.com/: ConnectTimeout: HTTPSConnectionPool(host='www.noainfosolutions.com', port=443): Max retries exceeded with url: / (Caused by ConnectTimeoutError(<HTTPSConnection(host='www.noainfosolutions.com', port=443) at 0x18e55009fd0>, 'Connection to www.noainfosolutions.com timed out. (connect timeout=10)'))"
NOMD Technologies,Medium,Yes,Yes,1,info@nomdindia.com,General,Official Infopark Directory,https://infopark.in/companies-profile/nomd-technologies,Email Found,Needs Review,"Could not access https://www.nomdindia.com/: ConnectionError: HTTPSConnectionPool(host='www.nomdindia.com', port=443): Max retries exceeded with url: / (Caused by NameResolutionError(""HTTPSConnection(host='www.nomdindia.com', port=443): Failed to resolve 'www.nomdindia.com' ([Errno 11001] getaddrinfo failed)""))"
Nuvento Systems Private Limited,Medium,Yes,No,0,,,,,No Public Email Found,No Contact,
Nymbl,Medium,Yes,Yes,1,support@benymbl.co,Other,Official Website,https://www.benymbl.co/,Email Found,Needs Review,
Obidos Technologies (P) Ltd,Medium,Yes,Yes,1,info@obidostech.com,General,Official Website,https://www.obidostech.com/,Email Found,Needs Review,
Obvious AI Technology Pvt Ltd,Medium,Yes,Yes,1,hello@obvs.ai,General,Official Contact Page,https://www.obvs.ai/contact,Email Found,Needs Review,
Offline Human Studios,High,Yes,Yes,1,contact@offlinehumanstudios.com,General,Official Contact Page,https://www.offlinehumanstudios.com/contact,Email Found,Needs Review,
Onesoft Technologies LLP,Medium,Yes,Yes,1,admin@onesoftapps.com,General,Official Infopark Directory,https://infopark.in/companies-profile/onesoft-technologies-llp,Email Found,Needs Review,Could not access https://www.onesoftapps.com/: HTTP 503 server error
Opshore Talent Solutions Pvt.Ltd.,Medium,Yes,Yes,1,hr@opshoretalentsolutions.com,HR,Official Infopark Directory,https://infopark.in/companies-profile/opshore-talent-solutions-pvt-ltd,Email Found,Valid,Could not access https://www.opshoretalentsolutions.com/: HTTP 403
Orestes Technologies Pvt Ltd,Medium,Yes,Yes,1,info@orestestech.com,General,Official Infopark Directory,https://infopark.in/companies-profile/orestes-technologies-pvt-ltd,Email Found,Needs Review,
Origent Technologies,High,Yes,Yes,1,careers@origent.in,Careers,Official Infopark Directory,https://infopark.in/companies-profile/origent-technologies,Email Found,Valid,
Orion India Systems Pvt. Ltd.,Medium,Yes,No,0,,,,,No Public Email Found,No Contact,
Ormeon IT Consulting Pvt Ltd,Medium,Yes,Yes,2,info@ormeon.com,General,Official Website,https://ormeon.com/,Multiple Public Emails Found,Needs Review,
ORTHOFX PRIVATE LIMITED,Medium,Yes,Yes,1,support@care.orthofx.com,Other,Official About/Team Page,https://www.orthofx.com/about,Email Found,Needs Review,
Outsource Partners International,Medium,Yes,Yes,1,info@opiglobal.com,General,Official Infopark Directory,https://infopark.in/companies-profile/outsource-partners-international,Email Found,Needs Review,"Could not access https://www.opiglobal.com/: SSLError: HTTPSConnectionPool(host='www.opiglobal.com', port=443): Max retries exceeded with url: / (Caused by SSLError(SSLError(1, '[SSL: TLSV1_UNRECOGNIZED_NAME] tlsv1 unrecognized name (_ssl.c:1006)')))"
Overbrook Technology Services (P) Ltd,Medium,Yes,Yes,1,info@ots.work,General,Official Infopark Directory,https://infopark.in/companies-profile/overbrook-technology-services-p-ltd,Email Found,Needs Review,
Pagematics India Pvt. Ltd.,Medium,Yes,Yes,1,contact@pagematics.com,General,Official Website,https://www.pagematics.com/,Email Found,Needs Review,
PanashiFZCO Technology Solution Private Limited,High,Yes,Yes,1,info@panashi.ae,General,Official Website,https://panashi.ae/,Email Found,Needs Review,
Paoyaila Animation Studios LLP,Medium,Yes,No,0,,,,,No Public Email Found,No Contact,
PaulCart E Commerce Pvt. Ltd.,Medium,Yes,No,0,,,,,No Public Email Found,No Contact,"Could not access https://www.wibserp.com/: ConnectTimeout: HTTPSConnectionPool(host='www.wibserp.com', port=443): Max retries exceeded with url: / (Caused by ConnectTimeoutError(<HTTPSConnection(host='www.wibserp.com', port=443) at 0x18e5557ac50>, 'Connection to www.wibserp.com timed out. (connect timeout=10)')) At least one permitted public source was unavailable; no eligible public business email was found on accessible sources."
PCS India Private Limited,High,Yes,Yes,1,contact@pcsindia.email,General,Official Website,https://pcsindia.online/,Email Found,Needs Review,
Pearlsoft Technologies LLP,Medium,Yes,No,0,,,,,No Public Email Found,No Contact,
Penguin Data Centre Pvt.Ltd.,Medium,Yes,Yes,1,sales@penguininc.com,Other,Official Website,https://www.penguininc.com/,Email Found,Needs Review,
Phases India Technology Solutions Pvt Ltd.,Medium,Yes,Yes,1,support@phases.io,Other,Official Website,https://www.phases.io/,Email Found,Needs Review,
Pinetech IT Solutions P Ltd,Medium,Yes,Yes,2,hr@pinetech.in,HR,Official Careers Page,https://www.pinetech.in/career,Multiple Public Emails Found,Valid,
Pinmicro India Pvt.Ltd.,Medium,Yes,Yes,2,careers@pinmicro.com,Careers,Official Careers Page,https://pinmicro.com/career/,Multiple Public Emails Found,Valid,
PiServe Solutions Pvt Ltd,Medium,Yes,Yes,1,info@piserve.com,General,Official Infopark Directory,https://infopark.in/companies-profile/piserve-solutions-pvt-ltd,Email Found,Needs Review,
PIT Solutions Private Limited,Medium,Yes,Yes,1,contact@pitsolutions.com,General,Official Website,https://www.pitsolutions.com/,Email Found,Needs Review,
Pixdynamics,Medium,Yes,Yes,1,hr@pixdynamics.com,HR,Official Infopark Directory,https://infopark.in/companies-profile/pixdynamics,Email Found,Valid,
Planet Media India ( PMIN Agency Pvt.Ltd.),Medium,Yes,Yes,2,info@planetmedia.in,General,Official Website,https://www.planetmedia.in/,Multiple Public Emails Found,Needs Review,
Portrave Solutions Pvt Ltd,Medium,Yes,Yes,1,info@portrave.com,General,Official Website,https://www.portrave.com/,Email Found,Needs Review,
Prevalent AI,Medium,Yes,Yes,1,hr@prevalent.ai,HR,Official Infopark Directory,https://infopark.in/companies-profile/prevalent-ai,Email Found,Valid,
PrimeCrown Technologies (P) Limited,Medium,Yes,Yes,1,info@primecrown.com,General,Official Infopark Directory,https://infopark.in/companies-profile/primecrown-technologies-p-limited,Email Found,Needs Review,
Privo TechCorp Private Limited,Medium,Yes,Yes,1,hr@privocorp.com,HR,Official Infopark Directory,https://infopark.in/companies-profile/privo-techcorp-private-limited,Email Found,Valid,
Pueblo Shades Pvt.Ltd,High,Yes,Yes,1,info@puebloshades.com,General,Official Website,https://www.puebloshades.com/,Email Found,Needs Review,
Pumex InfoTech Pvt Ltd,High,Yes,Yes,1,hr@pumexinfotech.com,HR,Official Infopark Directory,https://infopark.in/companies-profile/pumex-infotech-pvt-ltd,Email Found,Valid,
QBurst Technologies,Medium,Yes,Yes,1,hr@qburst.com,HR,Official Infopark Directory,https://infopark.in/companies-profile/qburst-technologies,Email Found,Valid,
QC Verify Private Limited,Medium,Yes,Yes,1,hr@qcverify.com,HR,Official Infopark Directory,https://infopark.in/companies-profile/qc-verify-private-limited,Email Found,Valid,
Quantum Acumen (QuAnHack Solutions),High,Yes,Yes,1,careers@quantumacumen.com,Careers,Official Infopark Directory,https://infopark.in/companies-profile/quantum-acumen-quanhack-solutions,Email Found,Valid,
Qubeslab Technologies Private Limited,Medium,Yes,Yes,1,info@qubeslab.com,General,Official Website,https://qubeslab.com/,Email Found,Needs Review,
Qubiqon Consulting India Private Limited,Medium,Yes,No,0,,,,,No Public Email Found,No Contact,
Quest Global Engineering Services Pvt Ltd,Medium,Yes,Yes,1,info@quest-global.com,General,Official Infopark Directory,https://infopark.in/companies-profile/quest-global-engineering-services-pvt-ltd,Email Found,Needs Review,
Quper Technologies Pvt. Ltd.,High,Yes,Yes,1,contact@qupertech.com,General,Official Website,https://qupertech.com/,Email Found,Needs Review,
Raintech Software Ltd,High,Yes,Yes,1,info@raintechpos.com,General,Official Infopark Directory,https://infopark.in/companies-profile/raintech-software-ltd,Email Found,Needs Review,
Rainybits Technology Pvt Ltd,Medium,Yes,Yes,1,info@rainybits.com,General,Official Website,https://rainybits.com/,Email Found,Needs Review,
RedBlack Technologies Private Limited,Medium,Yes,No,0,,,,,No Public Email Found,No Contact,
Redux (Network Redux),Medium,Yes,Yes,1,sales@redux.co,Other,Official Website,https://redux.co/,Email Found,Needs Review,
Regent Global Services (India) Pvt.Ltd.,Medium,Yes,Yes,1,hello@rgsin.com,General,Official Infopark Directory,https://infopark.in/companies-profile/regent-global-services-india-pvt-ltd,Email Found,Needs Review,
Retyn Business Solution Pvt. Ltd.,Medium,Yes,Yes,1,info@retyn.ai,General,Official Infopark Directory,https://infopark.in/companies-profile/retyn-business-solution-pvt-ltd,Email Found,Needs Review,
REXAV LLP,Medium,Yes,Yes,1,hello@rexavtech.com,General,Official Website,https://rexavtech.com,Email Found,Needs Review,
Rextech Studios,High,Yes,Yes,1,info@rextechstudios.com,General,Official Website,https://rextechstudios.com/,Email Found,Needs Review,
RIOD LOGIC PRIVATE LIMITED,High,Yes,No,0,,,,,No Public Email Found,No Contact,
ROGERSOFT,Medium,Yes,Yes,1,contact@rogersoft.com,General,Official Website,https://rogersoft.com/,Email Found,Needs Review,
RUBY SEVEN STUDIOS,Medium,Yes,No,0,,,,,No Public Email Found,No Contact,
SaNDS Lab,Medium,Yes,Yes,1,hr@sandslab.com,HR,Official Infopark Directory,https://infopark.in/companies-profile/sands-lab,Email Found,Valid,
SayOne Technologies Pvt.Ltd.,Medium,Yes,Yes,2,careers@sayonetech.com,Careers,Official Website,https://www.sayonetech.com/,Multiple Public Emails Found,Valid,
SBL Knowledge Services Pvt Ltd,Medium,Yes,Yes,1,hr@sblcorp.com,HR,Official Infopark Directory,https://infopark.in/companies-profile/sbl-knowledge-services-pvt-ltd,Email Found,Valid,
SE-Mentor Solutions,High,Yes,Yes,1,info@se-mentor.com,General,Official Website,https://sementor.com/,Email Found,Needs Review,
Seeroo IT Solutions,Medium,Yes,Yes,1,info@seeroo.com,General,Official Infopark Directory,https://infopark.in/companies-profile/seeroo-it-solutions,Email Found,Needs Review,
Seguro Technologies,Medium,Yes,Yes,1,enquiries@segurotechnologies.com,General,Official Website,https://www.segurotechnologies.com/,Email Found,Needs Review,
SEIDOR Opentrends,Medium,Yes,Yes,1,careers@opentrends.net,Careers,Official Infopark Directory,https://infopark.in/companies-profile/seidor-opentrends,Email Found,Valid,Could not access https://www.opentrends.net/: HTTP 403
Senscript Technologies Pvt Ltd,Medium,Yes,Yes,1,careers@senscript.ai,Careers,Official Infopark Directory,https://infopark.in/companies-profile/senscript-technologies-pvt-ltd,Email Found,Valid,
Servsys Technology Services India Pvt Ltd,High,Yes,No,0,,,,,No Public Email Found,No Contact,
Silverbloom Technologies,Medium,Yes,Yes,1,info@silverbloom.com,General,Official Website,https://www.silverbloom.com/,Email Found,Needs Review,
Simelabs - An Astek Company,Medium,Yes,Yes,1,hr@simelabs.com,HR,Official Infopark Directory,https://infopark.in/companies-profile/simelabs-an-astek-company,Email Found,Valid,
Skybertech IT Innovation Pvt Ltd,Medium,Yes,No,0,,,,,No Public Email Found,No Contact,
SMEC Automation Pvt Ltd,Medium,Yes,No,0,,,,,No Public Email Found,No Contact,
SnippetCommerce360 Pvt Ltd,High,Yes,No,0,,,,,No Public Email Found,No Contact,
Sofdia Technologies Pvt Ltd,High,Yes,Yes,1,info@sofdia.in,General,Official Website,https://sofdia.in/,Email Found,Needs Review,
Softop Solutions Pvt Ltd,Medium,Yes,Yes,2,careers@softopsolutions.com,Careers,Official Careers Page,https://www.softopsolutions.com/careers,Multiple Public Emails Found,Valid,
Softspace Infotech Pvt Ltd,Medium,Yes,Yes,1,info@softspace.ae,General,Official Infopark Directory,https://infopark.in/companies-profile/softspace-infotech-pvt-ltd,Email Found,Needs Review,
Soulxes Technologies Pvt Ltd,Medium,Yes,Yes,1,info@soulxes.com,General,Official Website,https://www.soulxes.com/,Email Found,Needs Review,
SparkSupport Infotech Pvt Ltd,Medium,Yes,Yes,2,careers@sparksupport.com,Careers,Official Website,https://sparksupport.com/,Multiple Public Emails Found,Valid,
Spawoz Technologies Pvt. Ltd.,High,Yes,Yes,1,support@spawoz.com,Other,Official Website,https://www.spawoz.com/,Email Found,Needs Review,
Speridian Technologies Pvt Ltd,Medium,Yes,Yes,1,info@speridian.com,General,Official Website,https://www.speridian.com/,Email Found,Needs Review,
Spiderline Technologies,Medium,Yes,Yes,1,info@spiderline.in,General,Official Website,https://www.spiderline.in/,Email Found,Needs Review,
Spiralcode Innovates LLP,High,Yes,Yes,1,info@spiralcode.in,General,Official Website,https://www.spiralcode.in/,Email Found,Needs Review,
SS Consulting,Medium,Yes,Yes,2,admin@ssconsult.in,General,Official Website,https://www.ssconsult.in/,Multiple Public Emails Found,Needs Review,
Steigend IT Solutions,Medium,Yes,Yes,1,info@steigendit.com,General,Official Website,https://steigendit.com/,Email Found,Needs Review,Could not access https://steigendit.com/careers.html: HTTP 404
Stepping Stone Consultancy Services,Medium,Yes,Yes,1,jobs@steppingstoneconsultancy.com,Careers,Official Website,https://www.steppingstoneconsultancy.com/,Email Found,Valid,
Strands Energy Pvt. Ltd,Medium,Yes,Yes,2,jobs@strandsenergy.com,Careers,Official Website,https://strandsenergy.com/strandsenergy/,Multiple Public Emails Found,Valid,Could not access https://strandsenergy.com/strandsenergy/contact.php: HTTP 409
Stream Perfect Global Services (SPGS),Medium,Yes,Yes,1,info@stream-perfect.com,General,Official Infopark Directory,https://infopark.in/companies-profile/stream-perfect-global-services-spgs,Email Found,Needs Review,"Could not access https://www.stream-perfect.com/: SSLError: HTTPSConnectionPool(host='www.stream-perfect.com', port=443): Max retries exceeded with url: / (Caused by SSLError(SSLCertVerificationError(1, '[SSL: CERTIFICATE_VERIFY_FAILED] certificate verify failed: unable to get local issuer certificate (_ssl.c:1006)')))"
SupportHub360,Medium,Yes,Yes,1,sales@supporthub360.com.au,Other,Official Website,https://www.supporthub360.com.au/,Email Found,Needs Review,
SurveySparrow Pvt Ltd,Medium,Yes,Yes,1,support@surveysparrow.com,Other,Official Website,https://surveysparrow.com/,Email Found,Needs Review,
Syriac Consultancy Services Private Limited,Medium,Yes,Yes,1,info@syriacconsultancy.com,General,Official Website,https://www.syriacconsultancy.com/,Email Found,Needs Review,
SysTalent Software Private Limited,Medium,Yes,Yes,1,info@systalent.com,General,Official Infopark Directory,https://infopark.in/companies-profile/systalent-software-private-limited,Email Found,Needs Review,
Talk Digital Pvt. Ltd.,Medium,Yes,Yes,1,hr@talkdigital.co.in,HR,Official Infopark Directory,https://infopark.in/companies-profile/talk-digital-pvt-ltd,Email Found,Valid,Could not access https://www.talkdigital.com.au/: HTTP 403
Tamcherry Technologies Private Limited,Medium,Yes,Yes,1,info@tamcherry.com,General,Official Website,https://www.tamcherry.com/,Email Found,Needs Review,
"Tata Consultancy Services,",Medium,Yes,Yes,1,info@tcs.com,General,Official Infopark Directory,https://infopark.in/companies-profile/tata-consultancy-services,Email Found,Needs Review,Could not access https://www.tcs.com/: HTTP 403
TECFORZ INNOVATIONS,Medium,Yes,Yes,1,info@tecforz.com,General,Official Website,https://tecforz.com/,Email Found,Needs Review,
Tech Aventure,Medium,Yes,Yes,1,info@techaventure.com,General,Official Website,https://www.techaventure.com/,Email Found,Needs Review,
Techfriar Technologies,Medium,Yes,Yes,1,hr@techfriar.com,HR,Official Infopark Directory,https://infopark.in/companies-profile/techfriar-technologies,Email Found,Valid,
Techgentsia Software Technologies Private Limited,Medium,Yes,No,0,,,,,No Public Email Found,No Contact,No usable website URL in frozen target data.
TechNeurons Consulting Solutions Private Limited,Medium,Yes,Yes,1,hello@techneurons.com,General,Official Website,https://techneurons.com/,Email Found,Needs Review,
Technowave ID Systems PVT.LTD.,Medium,Yes,Yes,1,sales@technowavegroup.com,Other,Official Website,https://technowavegroup.com/,Email Found,Needs Review,
Techpullers Technology Solutions Pvt Ltd.,Medium,Yes,Yes,1,info@techpullers.com,General,Official Website,https://techpullers.com/,Email Found,Needs Review,
TechTaliya Informatics Pvt. Ltd.,Medium,Yes,Yes,1,info@techtaliya.com,General,Official Website,https://www.techtaliya.com/,Email Found,Needs Review,
Techversant Infotech Pvt Ltd,Medium,Yes,Yes,1,careers@techversantinfotech.com,Careers,Official Infopark Directory,https://infopark.in/companies-profile/techversant-infotech-pvt-ltd,Email Found,Valid,
Techware Lab Pvt.Ltd.,Medium,Yes,Yes,1,careers@techwarelab.com,Careers,Official Infopark Directory,https://infopark.in/companies-profile/techware-lab-pvt-ltd,Email Found,Valid,
Tecnostac Systems Private Limited,Medium,Yes,Yes,1,hr@tecnostac.com,HR,Official Infopark Directory,https://infopark.in/companies-profile/tecnostac-systems-private-limited,Email Found,Valid,
Telious Technologies Pvt Ltd,Medium,Yes,Yes,2,jobs@telious.com,Careers,Official Careers Page,https://www.telious.com/careers,Multiple Public Emails Found,Valid,
Terrific Minds Private Limited,Medium,Yes,Yes,2,careers@terrificminds.com,Careers,Official Website,https://www.terrificminds.com/,Multiple Public Emails Found,Valid,
Testing Mavens Software Pvt Ltd,Medium,Yes,Yes,1,contact@testingmavens.com,General,Official Website,https://www.testingmavens.com/,Email Found,Needs Review,
Thinkpalm Technologies Pvt.Ltd,Medium,Yes,Yes,1,info@thinkpalm.com,General,Official Infopark Directory,https://infopark.in/companies-profile/thinkpalm-technologies-pvt-ltd,Email Found,Needs Review,
Thomsun Infocare LLP,Medium,Yes,Yes,1,careers@thomsuninfocare.com,Careers,Official Careers Page,https://www.thomsuninfocare.com/careers/,Email Found,Valid,
ThoughtMinds System Pvt Ltd,High,Yes,Yes,1,careers@thoughtminds.io,Careers,Official Infopark Directory,https://infopark.in/companies-profile/thoughtminds-system-pvt-ltd,Email Found,Valid,
Thriveminds Technologies Pvt. Ltd.,High,Yes,Yes,1,hr@thrivemindstechno.com,HR,Official Infopark Directory,https://infopark.in/companies-profile/thriveminds-technologies-pvt-ltd,Email Found,Valid,"Could not access https://www.thrivemindsinnovations.com/: ConnectionError: HTTPSConnectionPool(host='www.thrivemindsinnovations.com', port=443): Max retries exceeded with url: / (Caused by NameResolutionError(""HTTPSConnection(host='www.thrivemindsinnovations.com', port=443): Failed to resolve 'www.thrivemindsinnovations.com' ([Errno 11001] getaddrinfo failed)""))"
Titan Tech Emirates Pvt Ltd,Medium,Yes,Yes,1,hr@titantechemirates.com,HR,Official Infopark Directory,https://infopark.in/companies-profile/titan-tech-emirates-pvt-ltd,Email Found,Valid,Could not access https://titantechemirates.com/: HTTP 403
TNP Consultancy Private Limited,High,Yes,No,0,,,,,No Public Email Found,No Contact,
Toobler Technologies Pvt. Ltd.,Medium,Yes,Yes,1,info@toobler.com,General,Official Infopark Directory,https://infopark.in/companies-profile/toobler-technologies-pvt-ltd,Email Found,Needs Review,
TouchWorld Technology,Medium,Yes,Yes,1,info@touchworldtech.com,General,Official Website,https://www.touchworldtech.com/,Email Found,Needs Review,
Trafoss Pvt.Ltd,Medium,Yes,Yes,1,info@trafoss.com,General,Official Website,https://www.trafoss.com/,Email Found,Needs Review,
Tranzmeo,Medium,Yes,Yes,2,info@tranzmeo.com,General,Official Website,https://www.tranzmeo.com/,Multiple Public Emails Found,Needs Review,
Travancore Analytics Pvt.Ltd.,Medium,Yes,Yes,1,careers@travancoreanalytics.com,Careers,Official Infopark Directory,https://infopark.in/companies-profile/travancore-analytics-pvt-ltd,Email Found,Valid,
Tukxi India Private Ltd,Medium,Yes,Yes,1,support@tukxi.in,Other,Official Infopark Directory,https://infopark.in/companies-profile/tukxi-india-private-ltd,Email Found,Needs Review,"Could not access https://www.tukxi.in/: ReadTimeout: HTTPSConnectionPool(host='www.tukxi.in', port=443): Read timed out. (read timeout=10)"
Turqosoft Solutions Pvt. Ltd.,High,Yes,Yes,1,info@turqosoft.com,General,Official Website,https://www.turqosoft.com/,Email Found,Needs Review,
Tuttifrutti Games Pvt Ltd,Medium,Yes,No,0,,,,,No Public Email Found,No Contact,
Unilaw Global Private Limited,High,Yes,Yes,2,hr@unilawtech.com,HR,Official Careers Page,https://www.unilawtech.com/career,Multiple Public Emails Found,Valid,
UROLIME,Medium,Yes,Yes,1,hr@urolime.com,HR,Official Infopark Directory,https://infopark.in/companies-profile/urolime-technologies-private-limited,Email Found,Valid,
US Technology International Pvt Ltd,Medium,Yes,Yes,1,info@ust-global.com,General,Official Infopark Directory,https://infopark.in/companies-profile/us-technology-international-pvt-ltd,Email Found,Needs Review,
Vaisesika Consulting Private Limited,Medium,Yes,Yes,1,careers@vaisesika.com,Careers,Official Careers Page,https://vaisesikaconsulting.com/careers/,Email Found,Valid,
ValueMentor Infosec Pvt. Ltd.,Medium,Yes,Yes,1,sales@valuementor.com,Other,Official Website,https://valuementor.com/,Email Found,Needs Review,
Varishtha Infotech Services Pvt Ltd.,Medium,Yes,No,0,,,,,No Public Email Found,No Contact,
Veeble SoftTech (P) Ltd.,Medium,Yes,Yes,1,careers@veeble.com,Careers,Official Infopark Directory,https://infopark.in/companies-profile/veeble-softtech-p-ltd,Email Found,Valid,
"Verteil Technologies Private Limited,",Medium,Yes,Yes,1,contact@verteil.com,General,Official Website,https://www.verteil.com/,Email Found,Needs Review,
Viewy Digital P(Ltd),Medium,Yes,Yes,1,info@viewydigital.com,General,Official Infopark Directory,https://infopark.in/companies-profile/viewy-digital-p-ltd,Email Found,Needs Review,
Violet Frames,Medium,Yes,Yes,1,info@violetframes.com,General,Official Website,https://violetframes.com/,Email Found,Needs Review,
VIPoint Solutions Pvt Ltd,Medium,Yes,Yes,1,hr@vipointsolutions.net,HR,Official Infopark Directory,https://infopark.in/companies-profile/vipoint-solutions-pvt-ltd,Email Found,Valid,
Virtual Impulse Technologies,High,Yes,No,0,,,,,No Public Email Found,No Contact,
Virtual Sys Technologies,Medium,Yes,Yes,1,info@vstbiz.com,General,Official Website,https://virtualsystechnologies.com/,Email Found,Needs Review,
Vistas Global Intellect Private Limited,Medium,Yes,Yes,1,info@vistasglobal.com,General,Official Contact Page,https://www.vistasglobal.com/contact,Email Found,Needs Review,
Vivish Technologies Private Limited,High,Yes,Yes,1,hr@mygate.in,HR,Official Infopark Directory,https://infopark.in/companies-profile/vivish-technologies-private-limited,Email Found,Valid,
Vortexen Dynamics,Medium,Yes,Yes,1,office@vortexen.com,General,Official Website,https://vortexen.com/,Email Found,Needs Review,
Voxtron Solutions LLP,Medium,Yes,No,0,,,,,No Public Email Found,No Contact,
Voyager IT Solutions Pvt Ltd,Medium,Yes,Yes,5,hr@itvoyager.com,HR,Official Website,https://www.itvoyager.com/,Multiple Public Emails Found,Valid,
Voyon Technology Pvt Ltd,Medium,Yes,Yes,1,careers@voyon.net,Careers,Official Infopark Directory,https://infopark.in/companies-profile/voyon-technology-pvt-ltd,Email Found,Valid,
Vtrio Solutions Private Limited,Medium,Yes,Yes,1,hr@vtrio.com,HR,Official Careers Page,https://www.vtrio.com/career,Email Found,Valid,
VVDN Technologies Pvt Ltd,Medium,Yes,Yes,1,info@vvdntech.com,General,Official Infopark Directory,https://infopark.in/companies-profile/vvdn-technologies-pvt-ltd,Email Found,Needs Review,
Wazeefa1 Technologies Pvt. Ltd.,High,Yes,Yes,1,info@wazeefa.in,General,Official Website,https://www.wazeefa.in/,Email Found,Needs Review,
Webandcrafts,Medium,Yes,Yes,1,info@webandcrafts.com,General,Official Website,https://webandcrafts.com/,Email Found,Needs Review,
Webdura Technologies,Medium,Yes,Yes,3,careers@webduratech.com,Careers,Official Website,https://www.webdura.in/,Multiple Public Emails Found,Valid,
White Rabbit Group,Medium,Yes,Yes,2,careers@whiterabbit.group,Careers,Official Careers Page,https://whiterabbit.group/careers,Multiple Public Emails Found,Valid,
Windfall Productions Pvt.Ltd.,Medium,Yes,Yes,2,hr@windfallproductions.org,HR,Official Careers Page,https://www.windfallproductions.org/career,Multiple Public Emails Found,Valid,
Wipro Limited,Medium,Yes,No,0,,,,,No Public Email Found,No Contact,
WOC Branding Systems Pvt Ltd,Medium,Yes,Yes,1,hr@wocbranding.com,HR,Official Careers Page,https://wocbranding.com/careers,Email Found,Valid,
WORKSENT TECHNOLOGIES PVT LTD,Medium,Yes,Yes,1,careers@worksent.com,Careers,Official Infopark Directory,https://infopark.in/companies-profile/worksent-technologies-pvt-ltd,Email Found,Valid,
Woxro,Medium,Yes,Yes,1,hello@woxro.com,General,Official Website,https://www.woxro.com/,Email Found,Needs Review,
Yatnam Technologies,Medium,Yes,Yes,1,careers@yatnam.com,Careers,Official Careers Page,https://yatnam.com/career-opportunities/,Email Found,Valid,
Yavun Technologies,Medium,Yes,No,0,,,,,No Public Email Found,No Contact,
Yellowfish Digital Innovations Pvt Ltd.,Medium,Yes,Yes,1,hr@yellowfish.in,HR,Official Infopark Directory,https://infopark.in/companies-profile/yellowfish-digital-innovations-pvt-ltd,Email Found,Valid,
Ynot Infosolutions,Medium,Yes,Yes,1,hr@ynotinfo.com,HR,Official Infopark Directory,https://infopark.in/companies-profile/ynot-infosolutions,Email Found,Valid,
YOUGotaGift Pvt Ltd,High,Yes,No,0,,,,,No Public Email Found,No Contact,
Zapare Technologies Private Limited,Medium,Yes,Yes,1,hr@zaparetech.com,HR,Official Infopark Directory,https://infopark.in/companies-profile/zapare-technologies-private-limited,Email Found,Valid,
Zealogics IT Solutions,Medium,Yes,No,0,,,,,No Public Email Found,No Contact,
Zellis HR India Pvt.Ltd.,Medium,Yes,No,0,,,,,No Public Email Found,No Contact,
Zinbay India Pvt.Ltd.,Medium,Yes,Yes,1,office@zinbay.in,General,Official Infopark Directory,https://infopark.in/companies-profile/zinbay-india-pvt-ltd,Email Found,Needs Review,
ZineMind Technologies,Medium,Yes,No,0,,,,,No Public Email Found,No Contact,No usable website URL in frozen target data.
Zoiteckh Informations Solutions,Medium,Yes,No,0,,,,,No Public Email Found,No Contact,
